2025-04-24 18:36:19 INFO            _                _                      
2025-04-24 18:36:19 INFO           / \   ___ ___ ___| | ___ _ __ __ _ _   _ 
2025-04-24 18:36:19 INFO          / _ \ / __/ __/ _ \ |/ _ \ '__/ _` | | | |
2025-04-24 18:36:19 INFO         / ___ \ (_| (_|  __/ |  __/ | | (_| | |_| |
2025-04-24 18:36:19 INFO        /_/   \_\___\___\___|_|\___|_|  \__, |\__, |
2025-04-24 18:36:19 INFO                                        |___/ |___/ 
2025-04-24 18:36:19 INFO        generating outputs according to the following specified output flags... 
2025-04-24 18:36:19 INFO         Please use the -f flag to update the preference (default to all output files)
2025-04-24 18:36:19 INFO        {'ERT': 1, 'ERT_summary': 1, 'ART': 1, 'ART_summary': 1, 'energy_estimation': 1, 'flattened_arch': 1}
2025-04-24 18:36:19 INFO        Located config file at /home/workspace/.config/accelergy/accelergy_config.yaml.
2025-04-24 18:36:19 INFO        config file located:
2025-04-24 18:36:19 INFO        /home/workspace/.config/accelergy/accelergy_config.yaml
2025-04-24 18:36:20 INFO        YAML Setting environment variable TIMELOOP_HIDE_INCONSEQUENTIAL_STATS to 1
2025-04-24 18:36:20 INFO        Parsing file /home/workspace/example_designs/example_designs/simple_weight_stationary/outputs/00/parsed-processed-input.yaml for architecture info
2025-04-24 18:36:20 INFO        Parsing file /home/workspace/example_designs/example_designs/simple_weight_stationary/outputs/00/parsed-processed-input.yaml for compound_components info
2025-04-24 18:36:20 INFO        YAML Setting environment variable TIMELOOP_HIDE_INCONSEQUENTIAL_STATS to 1
2025-04-24 18:36:20 INFO        Adding required action "leak" to class DRAM
2025-04-24 18:36:20 INFO        Adding required action "write" to class DRAM
2025-04-24 18:36:20 INFO        Adding required action "update" to class DRAM
2025-04-24 18:36:20 INFO        Adding required action "read" to class DRAM
2025-04-24 18:36:20 INFO        Adding required action "leak" to class aladdin_register
2025-04-24 18:36:20 INFO        Adding required action "write" to class aladdin_register
2025-04-24 18:36:20 INFO        Adding required action "update" to class aladdin_register
2025-04-24 18:36:20 INFO        Adding required action "read" to class aladdin_register
2025-04-24 18:36:20 INFO        Estimator plug-in identified by: /usr/local/share/accelergy/estimation_plug_ins/accelergy-table-based-plug-ins/table.estimator.yaml
2025-04-24 18:36:20 INFO        Estimator plug-in identified by: /usr/local/share/accelergy/estimation_plug_ins/accelergy-aladdin-plug-in/aladdin.estimator.yaml
2025-04-24 18:36:20 INFO        Estimator plug-in identified by: /usr/local/share/accelergy/estimation_plug_ins/accelergy-library-plugin/library.estimator.yaml
2025-04-24 18:36:20 INFO        Estimator plug-in identified by: /usr/local/share/accelergy/estimation_plug_ins/dummy_tables/dummy.estimator.yaml
2025-04-24 18:36:20 INFO        Estimator plug-in identified by: /usr/local/share/accelergy/estimation_plug_ins/accelergy-adc-plug-in/adc.estimator.yaml
2025-04-24 18:36:20 INFO        Estimator plug-in identified by: /usr/local/share/accelergy/estimation_plug_ins/accelergy-neurosim-plugin/neurosim.estimator.yaml
2025-04-24 18:36:20 INFO        Estimator plug-in identified by: /usr/local/share/accelergy/estimation_plug_ins/accelergy-cacti-plug-in/cacti.estimator.yaml
2025-04-24 18:36:20 INFO        Loading Python plug-in: /usr/local/share/accelergy/estimation_plug_ins/accelergy-cacti-plug-in/cacti_wrapper.py. Errors below are likely due to plug-in, not Accelergy.
2025-04-24 18:36:20 INFO        Getting all estimators in module <module 'python_plug_in' from '/usr/local/share/accelergy/estimation_plug_ins/accelergy-cacti-plug-in/cacti_wrapper.py'>
2025-04-24 18:36:20 INFO        Added estimator CactiCache that estimates cache with actions idle, read, read_access, update, update_access, write, write_access, leak
2025-04-24 18:36:20 INFO        Added estimator CactiDRAM that estimates ['DRAM', 'dram'] with actions idle, read, update, write, leak
2025-04-24 18:36:20 INFO        Added estimator CactiSRAM that estimates ['SRAM', 'sram'] with actions idle, read, update, write, leak
2025-04-24 18:36:20 INFO        Done loading Python plug-ins.
2025-04-24 18:36:20 INFO        Found estimator plug-in: DEPRECATED table-based-plug-ins. Use the Library plug-in instead. (<SetsOfTables.SetsOfTables object at 0x7f34b5a504c0>)
2025-04-24 18:36:20 INFO        Found estimator plug-in: Aladdin_table (<AladdinTable.AladdinTable object at 0x7f34b5a50100>)
2025-04-24 18:36:20 INFO        Found estimator plug-in: Library (<LibraryEstimator.LibraryEstimator object at 0x7f34b5991b10>)
2025-04-24 18:36:20 INFO        Found estimator plug-in: dummy (<DummyTable.DummyTable object at 0x7f34b59910c0>)
2025-04-24 18:36:20 INFO        Found estimator plug-in: ADC Plug-In (<ADCEstimator.ADCEstimator object at 0x7f34b5990df0>)
2025-04-24 18:36:20 INFO        Found estimator plug-in: Neurosim Plug-In (<NeuroWrapper.NeuroWrapper object at 0x7f34b5992aa0>)
2025-04-24 18:36:20 INFO        Found estimator plug-in: CactiCache (<accelergy.plug_in_interface.estimator_wrapper.EstimatorWrapper object at 0x7f34b5873a90>)
2025-04-24 18:36:20 INFO        Found estimator plug-in: CactiDRAM (<accelergy.plug_in_interface.estimator_wrapper.EstimatorWrapper object at 0x7f34b5873a30>)
2025-04-24 18:36:20 INFO        Found estimator plug-in: CactiSRAM (<accelergy.plug_in_interface.estimator_wrapper.EstimatorWrapper object at 0x7f34b5873640>)
2025-04-24 18:36:20 INFO        Calculated storage."width" as "width" = 64.
2025-04-24 18:36:20 INFO        Calculated storage."depth" as "depth" = 16384.
2025-04-24 18:36:20 INFO        Calculated storage."n_rw_ports" as "n_rw_ports" = 1.
2025-04-24 18:36:20 INFO        Calculated storage."technology" as "technology" = 22nm.
2025-04-24 18:36:20 INFO        Calculated storage."global_cycle_seconds" as "global_cycle_seconds" = 1e-09.
2025-04-24 18:36:20 INFO        Calculated address_generators[0..1]."n_bits" as "max(1, ceil(log2(depth))) if depth >= 1 else 1" = 14.
2025-04-24 18:36:20 INFO        Calculated address_generators[0..1]."precision" as "max(1, ceil(log2(depth))) if depth >= 1 else 1" = 14.
2025-04-24 18:36:20 INFO        Calculated address_generators[0..1]."width" as "max(1, ceil(log2(depth))) if depth >= 1 else 1" = 14.
2025-04-24 18:36:20 INFO        Calculated address_generators[0..1]."global_cycle_seconds" as "global_cycle_seconds" = 1e-09.
2025-04-24 18:36:20 INFO        Calculated storage."width" as "width" = 16.
2025-04-24 18:36:20 INFO        Calculated storage."depth" as "depth" = 192.
2025-04-24 18:36:20 INFO        Calculated storage."n_rw_ports" as "n_rw_ports" = 1.
2025-04-24 18:36:20 INFO        Calculated storage."technology" as "technology" = 22nm.
2025-04-24 18:36:20 INFO        Calculated storage."global_cycle_seconds" as "global_cycle_seconds" = 1e-09.
2025-04-24 18:36:20 INFO        Calculated address_generators[0..1]."n_bits" as "max(1, ceil(log2(depth))) if depth >= 1 else 1" = 8.
2025-04-24 18:36:20 INFO        Calculated address_generators[0..1]."precision" as "max(1, ceil(log2(depth))) if depth >= 1 else 1" = 8.
2025-04-24 18:36:20 INFO        Calculated address_generators[0..1]."width" as "max(1, ceil(log2(depth))) if depth >= 1 else 1" = 8.
2025-04-24 18:36:20 INFO        Calculated address_generators[0..1]."global_cycle_seconds" as "global_cycle_seconds" = 1e-09.
2025-04-24 18:36:20 INFO        Calculated intadder."width" as "adder_width" = 16.
2025-04-24 18:36:20 INFO        Calculated intmultiplier."width_a" as "multiplier_width" = 8.
2025-04-24 18:36:20 INFO        Calculated intmultiplier."width_b" as "multiplier_width" = 8.
2025-04-24 18:36:20 INFO        
2025-04-24 18:36:20 INFO        ENERGY ESTIMATION for DRAM(type=LPDDR4, width=64, datawidth=16, has_power_gating=False, n_banks=2, cluster_size=1, reduction_supported=True, multiple_buffering=1, min_utilization=0, allow_overbooking=False, meshX=1, meshY=1, version=0.4, technology=SET ME, global_cycle_seconds=1e-09, action_latency_cycles=1, cycle_seconds=1e-09, n_instances=1).leak(global_cycle_seconds=1e-09, action_latency_cycles=1)
2025-04-24 18:36:20 INFO        CactiDRAM estimated 0 with accuracy 80%. Messages:
2025-04-24 18:36:20 INFO        | Unused arguments (datawidth, has_power_gating, n_banks, cluster_size, reduction_supported, multiple_buffering, min_utilization, allow_overbooking, meshX, meshY, version, technology, global_cycle_seconds, action_latency_cycles, cycle_seconds, n_instances) provided for ['DRAM', 'dram'].__init__. Arguments used: (type, width)
2025-04-24 18:36:20 INFO        | Unused arguments (action_latency_cycles) provided for ['DRAM', 'dram'].leak. Arguments used: (global_cycle_seconds)
2025-04-24 18:36:20 INFO        | Multiplying by n_instances 1
2025-04-24 18:36:20 INFO        
2025-04-24 18:36:20 INFO        ENERGY ESTIMATION for DRAM(type=LPDDR4, width=64, datawidth=16, has_power_gating=False, n_banks=2, cluster_size=1, reduction_supported=True, multiple_buffering=1, min_utilization=0, allow_overbooking=False, meshX=1, meshY=1, version=0.4, technology=SET ME, global_cycle_seconds=1e-09, action_latency_cycles=1, cycle_seconds=1e-09, n_instances=1).write(global_cycle_seconds=1e-09, action_latency_cycles=1)
2025-04-24 18:36:20 INFO        CactiDRAM estimated 5.12e-10 with accuracy 80%. Messages:
2025-04-24 18:36:20 INFO        | Unused arguments (datawidth, has_power_gating, n_banks, cluster_size, reduction_supported, multiple_buffering, min_utilization, allow_overbooking, meshX, meshY, version, technology, global_cycle_seconds, action_latency_cycles, cycle_seconds, n_instances) provided for ['DRAM', 'dram'].__init__. Arguments used: (type, width)
2025-04-24 18:36:20 INFO        | Unused arguments (global_cycle_seconds, action_latency_cycles) provided for ['DRAM', 'dram'].write. Arguments used: ()
2025-04-24 18:36:20 INFO        
2025-04-24 18:36:20 INFO        ENERGY ESTIMATION for DRAM(type=LPDDR4, width=64, datawidth=16, has_power_gating=False, n_banks=2, cluster_size=1, reduction_supported=True, multiple_buffering=1, min_utilization=0, allow_overbooking=False, meshX=1, meshY=1, version=0.4, technology=SET ME, global_cycle_seconds=1e-09, action_latency_cycles=1, cycle_seconds=1e-09, n_instances=1).update(global_cycle_seconds=1e-09, action_latency_cycles=1)
2025-04-24 18:36:20 INFO        CactiDRAM estimated 5.12e-10 with accuracy 80%. Messages:
2025-04-24 18:36:20 INFO        | Unused arguments (datawidth, has_power_gating, n_banks, cluster_size, reduction_supported, multiple_buffering, min_utilization, allow_overbooking, meshX, meshY, version, technology, global_cycle_seconds, action_latency_cycles, cycle_seconds, n_instances) provided for ['DRAM', 'dram'].__init__. Arguments used: (type, width)
2025-04-24 18:36:20 INFO        | Unused arguments (global_cycle_seconds, action_latency_cycles) provided for ['DRAM', 'dram'].update. Arguments used: ()
2025-04-24 18:36:20 INFO        
2025-04-24 18:36:20 INFO        ENERGY ESTIMATION for DRAM(type=LPDDR4, width=64, datawidth=16, has_power_gating=False, n_banks=2, cluster_size=1, reduction_supported=True, multiple_buffering=1, min_utilization=0, allow_overbooking=False, meshX=1, meshY=1, version=0.4, technology=SET ME, global_cycle_seconds=1e-09, action_latency_cycles=1, cycle_seconds=1e-09, n_instances=1).read(global_cycle_seconds=1e-09, action_latency_cycles=1)
2025-04-24 18:36:20 INFO        CactiDRAM estimated 5.12e-10 with accuracy 80%. Messages:
2025-04-24 18:36:20 INFO        | Unused arguments (datawidth, has_power_gating, n_banks, cluster_size, reduction_supported, multiple_buffering, min_utilization, allow_overbooking, meshX, meshY, version, technology, global_cycle_seconds, action_latency_cycles, cycle_seconds, n_instances) provided for ['DRAM', 'dram'].__init__. Arguments used: (type, width)
2025-04-24 18:36:20 INFO        | Unused arguments (global_cycle_seconds, action_latency_cycles) provided for ['DRAM', 'dram'].read. Arguments used: ()
2025-04-24 18:36:20 INFO        
2025-04-24 18:36:20 INFO        ENERGY ESTIMATION for aladdin_register(depth=1, width=16, datawidth=16, has_power_gating=False, n_banks=2, cluster_size=1, reduction_supported=True, multiple_buffering=1, min_utilization=0, allow_overbooking=False, meshX=128, meshY=128, technology=22nm, version=0.4, global_cycle_seconds=1e-09, action_latency_cycles=1, cycle_seconds=1e-09, n_instances=1).leak(global_cycle_seconds=1e-09, action_latency_cycles=1)
2025-04-24 18:36:20 INFO        Library estimated 0.0p with accuracy 90%. Messages:
2025-04-24 18:36:20 INFO        | Found 1 entries for aladdin_register.leak.
2025-04-24 18:36:20 INFO        | Checking entry "{'technology': '40nm', 'global_cycle_seconds': '1e-9', 'width|datawidth': '1', 'dynamic energy(pJ)': '0', 'area(um^2)': '5.98E+00', 'action': 'leak', 'name': 'aladdin_register', 'n_instances': 1}
2025-04-24 18:36:20 INFO        | value=0.0, matching_attrs=2, log=['Scaling width from 1 to 16', 'Scaling technology from 40nm to 22nm', 'Scaling global_cycle_seconds from 1e-9 to 1e-09', 'Scaled aladdin_register.width from 1.0 to 16.0: 16.0x leak', 'Scaled aladdin_register.technology from 40.0 to 22.0: 0.7418029709531477x leak', 'Scaled aladdin_register.global_cycle_seconds from 1e-09 to 1e-09: 1.0x leak', 'aladdin_register leak has been scaled 11.868847535250364x']
2025-04-24 18:36:20 INFO        | Best-matching entry: {'technology': '40nm', 'global_cycle_seconds': '1e-9', 'width|datawidth': '1', 'dynamic energy(pJ)': '0', 'area(um^2)': '5.98E+00', 'action': 'leak', 'name': 'aladdin_register', 'n_instances': 1}
2025-04-24 18:36:20 INFO        | Scaling width from 1 to 16
2025-04-24 18:36:20 INFO        | Scaling technology from 40nm to 22nm
2025-04-24 18:36:20 INFO        | Scaling global_cycle_seconds from 1e-9 to 1e-09
2025-04-24 18:36:20 INFO        | Scaled aladdin_register.width from 1.0 to 16.0: 16.0x leak
2025-04-24 18:36:20 INFO        | Scaled aladdin_register.technology from 40.0 to 22.0: 0.7418029709531477x leak
2025-04-24 18:36:20 INFO        | Scaled aladdin_register.global_cycle_seconds from 1e-09 to 1e-09: 1.0x leak
2025-04-24 18:36:20 INFO        | aladdin_register leak has been scaled 11.868847535250364x
2025-04-24 18:36:20 INFO        | Multiplying by n_instances 1
2025-04-24 18:36:20 INFO        
2025-04-24 18:36:20 INFO        ENERGY ESTIMATION for aladdin_register(depth=1, width=16, datawidth=16, has_power_gating=False, n_banks=2, cluster_size=1, reduction_supported=True, multiple_buffering=1, min_utilization=0, allow_overbooking=False, meshX=128, meshY=128, technology=22nm, version=0.4, global_cycle_seconds=1e-09, action_latency_cycles=1, cycle_seconds=1e-09, n_instances=1).write(global_cycle_seconds=1e-09, action_latency_cycles=1)
2025-04-24 18:36:20 INFO        Library estimated 0.0p with accuracy 90%. Messages:
2025-04-24 18:36:20 INFO        | Found 1 entries for aladdin_register.write.
2025-04-24 18:36:20 INFO        | Checking entry "{'technology': '40nm', 'global_cycle_seconds': '1e-9', 'width|datawidth': '1', 'dynamic energy(pJ)': '0', 'area(um^2)': '5.98E+00', 'action': 'write', 'name': 'aladdin_register', 'n_instances': 1}
2025-04-24 18:36:20 INFO        | value=0.0, matching_attrs=2, log=['Scaling width from 1 to 16', 'Scaling technology from 40nm to 22nm', 'Scaling global_cycle_seconds from 1e-9 to 1e-09', 'Scaled aladdin_register.width from 1.0 to 16.0: 16.0x energy', 'Scaled aladdin_register.technology from 40.0 to 22.0: 0.7418029709531477x energy', 'Scaled aladdin_register.global_cycle_seconds from 1e-09 to 1e-09: 1x energy', 'aladdin_register energy has been scaled 11.868847535250364x']
2025-04-24 18:36:20 INFO        | Best-matching entry: {'technology': '40nm', 'global_cycle_seconds': '1e-9', 'width|datawidth': '1', 'dynamic energy(pJ)': '0', 'area(um^2)': '5.98E+00', 'action': 'write', 'name': 'aladdin_register', 'n_instances': 1}
2025-04-24 18:36:20 INFO        | Scaling width from 1 to 16
2025-04-24 18:36:20 INFO        | Scaling technology from 40nm to 22nm
2025-04-24 18:36:20 INFO        | Scaling global_cycle_seconds from 1e-9 to 1e-09
2025-04-24 18:36:20 INFO        | Scaled aladdin_register.width from 1.0 to 16.0: 16.0x energy
2025-04-24 18:36:20 INFO        | Scaled aladdin_register.technology from 40.0 to 22.0: 0.7418029709531477x energy
2025-04-24 18:36:20 INFO        | Scaled aladdin_register.global_cycle_seconds from 1e-09 to 1e-09: 1x energy
2025-04-24 18:36:20 INFO        | aladdin_register energy has been scaled 11.868847535250364x
2025-04-24 18:36:20 INFO        
2025-04-24 18:36:20 INFO        ENERGY ESTIMATION for aladdin_register(depth=1, width=16, datawidth=16, has_power_gating=False, n_banks=2, cluster_size=1, reduction_supported=True, multiple_buffering=1, min_utilization=0, allow_overbooking=False, meshX=128, meshY=128, technology=22nm, version=0.4, global_cycle_seconds=1e-09, action_latency_cycles=1, cycle_seconds=1e-09, n_instances=1).update(global_cycle_seconds=1e-09, action_latency_cycles=1)
2025-04-24 18:36:20 INFO        Library estimated 0.0p with accuracy 90%. Messages:
2025-04-24 18:36:20 INFO        | Found 1 entries for aladdin_register.update.
2025-04-24 18:36:20 INFO        | Checking entry "{'technology': '40nm', 'global_cycle_seconds': '1e-9', 'width|datawidth': '1', 'dynamic energy(pJ)': '0', 'area(um^2)': '5.98E+00', 'action': 'update', 'name': 'aladdin_register', 'n_instances': 1}
2025-04-24 18:36:20 INFO        | value=0.0, matching_attrs=2, log=['Scaling width from 1 to 16', 'Scaling technology from 40nm to 22nm', 'Scaling global_cycle_seconds from 1e-9 to 1e-09', 'Scaled aladdin_register.width from 1.0 to 16.0: 16.0x energy', 'Scaled aladdin_register.technology from 40.0 to 22.0: 0.7418029709531477x energy', 'Scaled aladdin_register.global_cycle_seconds from 1e-09 to 1e-09: 1x energy', 'aladdin_register energy has been scaled 11.868847535250364x']
2025-04-24 18:36:20 INFO        | Best-matching entry: {'technology': '40nm', 'global_cycle_seconds': '1e-9', 'width|datawidth': '1', 'dynamic energy(pJ)': '0', 'area(um^2)': '5.98E+00', 'action': 'update', 'name': 'aladdin_register', 'n_instances': 1}
2025-04-24 18:36:20 INFO        | Scaling width from 1 to 16
2025-04-24 18:36:20 INFO        | Scaling technology from 40nm to 22nm
2025-04-24 18:36:20 INFO        | Scaling global_cycle_seconds from 1e-9 to 1e-09
2025-04-24 18:36:20 INFO        | Scaled aladdin_register.width from 1.0 to 16.0: 16.0x energy
2025-04-24 18:36:20 INFO        | Scaled aladdin_register.technology from 40.0 to 22.0: 0.7418029709531477x energy
2025-04-24 18:36:20 INFO        | Scaled aladdin_register.global_cycle_seconds from 1e-09 to 1e-09: 1x energy
2025-04-24 18:36:20 INFO        | aladdin_register energy has been scaled 11.868847535250364x
2025-04-24 18:36:20 INFO        
2025-04-24 18:36:20 INFO        ENERGY ESTIMATION for aladdin_register(depth=1, width=16, datawidth=16, has_power_gating=False, n_banks=2, cluster_size=1, reduction_supported=True, multiple_buffering=1, min_utilization=0, allow_overbooking=False, meshX=128, meshY=128, technology=22nm, version=0.4, global_cycle_seconds=1e-09, action_latency_cycles=1, cycle_seconds=1e-09, n_instances=1).read(global_cycle_seconds=1e-09, action_latency_cycles=1)
2025-04-24 18:36:20 INFO        Library estimated 0.10681962781725327p with accuracy 90%. Messages:
2025-04-24 18:36:20 INFO        | Found 1 entries for aladdin_register.read.
2025-04-24 18:36:20 INFO        | Checking entry "{'technology': '40nm', 'global_cycle_seconds': '1e-9', 'width|datawidth': '1', 'dynamic energy(pJ)': '0.009', 'area(um^2)': '5.98E+00', 'action': 'read', 'name': 'aladdin_register', 'n_instances': 1}
2025-04-24 18:36:20 INFO        | value=0.009, matching_attrs=2, log=['Scaling width from 1 to 16', 'Scaling technology from 40nm to 22nm', 'Scaling global_cycle_seconds from 1e-9 to 1e-09', 'Scaled aladdin_register.width from 1.0 to 16.0: 16.0x energy', 'Scaled aladdin_register.technology from 40.0 to 22.0: 0.7418029709531477x energy', 'Scaled aladdin_register.global_cycle_seconds from 1e-09 to 1e-09: 1x energy', 'aladdin_register energy has been scaled 11.868847535250364x']
2025-04-24 18:36:20 INFO        | Best-matching entry: {'technology': '40nm', 'global_cycle_seconds': '1e-9', 'width|datawidth': '1', 'dynamic energy(pJ)': '0.009', 'area(um^2)': '5.98E+00', 'action': 'read', 'name': 'aladdin_register', 'n_instances': 1}
2025-04-24 18:36:20 INFO        | Scaling width from 1 to 16
2025-04-24 18:36:20 INFO        | Scaling technology from 40nm to 22nm
2025-04-24 18:36:20 INFO        | Scaling global_cycle_seconds from 1e-9 to 1e-09
2025-04-24 18:36:20 INFO        | Scaled aladdin_register.width from 1.0 to 16.0: 16.0x energy
2025-04-24 18:36:20 INFO        | Scaled aladdin_register.technology from 40.0 to 22.0: 0.7418029709531477x energy
2025-04-24 18:36:20 INFO        | Scaled aladdin_register.global_cycle_seconds from 1e-09 to 1e-09: 1x energy
2025-04-24 18:36:20 INFO        | aladdin_register energy has been scaled 11.868847535250364x
2025-04-24 18:36:20 INFO        
2025-04-24 18:36:20 INFO        ENERGY ESTIMATION for aladdin_register(depth=1, width=16, datawidth=16, has_power_gating=False, n_banks=2, cluster_size=1, reduction_supported=True, multiple_buffering=1, min_utilization=0, allow_overbooking=False, meshX=128, meshY=128, technology=22nm, version=0.4, global_cycle_seconds=1e-09, action_latency_cycles=1, cycle_seconds=1e-09, n_instances=1).leak(global_cycle_seconds=1e-09, action_latency_cycles=1)
2025-04-24 18:36:20 INFO        Library estimated 0.0p with accuracy 90%. Messages:
2025-04-24 18:36:20 INFO        | Found 1 entries for aladdin_register.leak.
2025-04-24 18:36:20 INFO        | Checking entry "{'technology': '40nm', 'global_cycle_seconds': '1e-9', 'width|datawidth': '1', 'dynamic energy(pJ)': '0', 'area(um^2)': '5.98E+00', 'action': 'leak', 'name': 'aladdin_register', 'n_instances': 1}
2025-04-24 18:36:20 INFO        | value=0.0, matching_attrs=2, log=['Scaling width from 1 to 16', 'Scaling technology from 40nm to 22nm', 'Scaling global_cycle_seconds from 1e-9 to 1e-09', 'Scaled aladdin_register.width from 1.0 to 16.0: 16.0x leak', 'Scaled aladdin_register.technology from 40.0 to 22.0: 0.7418029709531477x leak', 'Scaled aladdin_register.global_cycle_seconds from 1e-09 to 1e-09: 1.0x leak', 'aladdin_register leak has been scaled 11.868847535250364x']
2025-04-24 18:36:20 INFO        | Best-matching entry: {'technology': '40nm', 'global_cycle_seconds': '1e-9', 'width|datawidth': '1', 'dynamic energy(pJ)': '0', 'area(um^2)': '5.98E+00', 'action': 'leak', 'name': 'aladdin_register', 'n_instances': 1}
2025-04-24 18:36:20 INFO        | Scaling width from 1 to 16
2025-04-24 18:36:20 INFO        | Scaling technology from 40nm to 22nm
2025-04-24 18:36:20 INFO        | Scaling global_cycle_seconds from 1e-9 to 1e-09
2025-04-24 18:36:20 INFO        | Scaled aladdin_register.width from 1.0 to 16.0: 16.0x leak
2025-04-24 18:36:20 INFO        | Scaled aladdin_register.technology from 40.0 to 22.0: 0.7418029709531477x leak
2025-04-24 18:36:20 INFO        | Scaled aladdin_register.global_cycle_seconds from 1e-09 to 1e-09: 1.0x leak
2025-04-24 18:36:20 INFO        | aladdin_register leak has been scaled 11.868847535250364x
2025-04-24 18:36:20 INFO        | Multiplying by n_instances 1
2025-04-24 18:36:20 INFO        
2025-04-24 18:36:20 INFO        ENERGY ESTIMATION for aladdin_register(depth=1, width=16, datawidth=16, has_power_gating=False, n_banks=2, cluster_size=1, reduction_supported=True, multiple_buffering=1, min_utilization=0, allow_overbooking=False, meshX=128, meshY=128, technology=22nm, version=0.4, global_cycle_seconds=1e-09, action_latency_cycles=1, cycle_seconds=1e-09, n_instances=1).write(global_cycle_seconds=1e-09, action_latency_cycles=1)
2025-04-24 18:36:20 INFO        Library estimated 0.0p with accuracy 90%. Messages:
2025-04-24 18:36:20 INFO        | Found 1 entries for aladdin_register.write.
2025-04-24 18:36:20 INFO        | Checking entry "{'technology': '40nm', 'global_cycle_seconds': '1e-9', 'width|datawidth': '1', 'dynamic energy(pJ)': '0', 'area(um^2)': '5.98E+00', 'action': 'write', 'name': 'aladdin_register', 'n_instances': 1}
2025-04-24 18:36:20 INFO        | value=0.0, matching_attrs=2, log=['Scaling width from 1 to 16', 'Scaling technology from 40nm to 22nm', 'Scaling global_cycle_seconds from 1e-9 to 1e-09', 'Scaled aladdin_register.width from 1.0 to 16.0: 16.0x energy', 'Scaled aladdin_register.technology from 40.0 to 22.0: 0.7418029709531477x energy', 'Scaled aladdin_register.global_cycle_seconds from 1e-09 to 1e-09: 1x energy', 'aladdin_register energy has been scaled 11.868847535250364x']
2025-04-24 18:36:20 INFO        | Best-matching entry: {'technology': '40nm', 'global_cycle_seconds': '1e-9', 'width|datawidth': '1', 'dynamic energy(pJ)': '0', 'area(um^2)': '5.98E+00', 'action': 'write', 'name': 'aladdin_register', 'n_instances': 1}
2025-04-24 18:36:20 INFO        | Scaling width from 1 to 16
2025-04-24 18:36:20 INFO        | Scaling technology from 40nm to 22nm
2025-04-24 18:36:20 INFO        | Scaling global_cycle_seconds from 1e-9 to 1e-09
2025-04-24 18:36:20 INFO        | Scaled aladdin_register.width from 1.0 to 16.0: 16.0x energy
2025-04-24 18:36:20 INFO        | Scaled aladdin_register.technology from 40.0 to 22.0: 0.7418029709531477x energy
2025-04-24 18:36:20 INFO        | Scaled aladdin_register.global_cycle_seconds from 1e-09 to 1e-09: 1x energy
2025-04-24 18:36:20 INFO        | aladdin_register energy has been scaled 11.868847535250364x
2025-04-24 18:36:20 INFO        
2025-04-24 18:36:20 INFO        ENERGY ESTIMATION for aladdin_register(depth=1, width=16, datawidth=16, has_power_gating=False, n_banks=2, cluster_size=1, reduction_supported=True, multiple_buffering=1, min_utilization=0, allow_overbooking=False, meshX=128, meshY=128, technology=22nm, version=0.4, global_cycle_seconds=1e-09, action_latency_cycles=1, cycle_seconds=1e-09, n_instances=1).update(global_cycle_seconds=1e-09, action_latency_cycles=1)
2025-04-24 18:36:20 INFO        Library estimated 0.0p with accuracy 90%. Messages:
2025-04-24 18:36:20 INFO        | Found 1 entries for aladdin_register.update.
2025-04-24 18:36:20 INFO        | Checking entry "{'technology': '40nm', 'global_cycle_seconds': '1e-9', 'width|datawidth': '1', 'dynamic energy(pJ)': '0', 'area(um^2)': '5.98E+00', 'action': 'update', 'name': 'aladdin_register', 'n_instances': 1}
2025-04-24 18:36:20 INFO        | value=0.0, matching_attrs=2, log=['Scaling width from 1 to 16', 'Scaling technology from 40nm to 22nm', 'Scaling global_cycle_seconds from 1e-9 to 1e-09', 'Scaled aladdin_register.width from 1.0 to 16.0: 16.0x energy', 'Scaled aladdin_register.technology from 40.0 to 22.0: 0.7418029709531477x energy', 'Scaled aladdin_register.global_cycle_seconds from 1e-09 to 1e-09: 1x energy', 'aladdin_register energy has been scaled 11.868847535250364x']
2025-04-24 18:36:20 INFO        | Best-matching entry: {'technology': '40nm', 'global_cycle_seconds': '1e-9', 'width|datawidth': '1', 'dynamic energy(pJ)': '0', 'area(um^2)': '5.98E+00', 'action': 'update', 'name': 'aladdin_register', 'n_instances': 1}
2025-04-24 18:36:20 INFO        | Scaling width from 1 to 16
2025-04-24 18:36:20 INFO        | Scaling technology from 40nm to 22nm
2025-04-24 18:36:20 INFO        | Scaling global_cycle_seconds from 1e-9 to 1e-09
2025-04-24 18:36:20 INFO        | Scaled aladdin_register.width from 1.0 to 16.0: 16.0x energy
2025-04-24 18:36:20 INFO        | Scaled aladdin_register.technology from 40.0 to 22.0: 0.7418029709531477x energy
2025-04-24 18:36:20 INFO        | Scaled aladdin_register.global_cycle_seconds from 1e-09 to 1e-09: 1x energy
2025-04-24 18:36:20 INFO        | aladdin_register energy has been scaled 11.868847535250364x
2025-04-24 18:36:20 INFO        
2025-04-24 18:36:20 INFO        ENERGY ESTIMATION for aladdin_register(depth=1, width=16, datawidth=16, has_power_gating=False, n_banks=2, cluster_size=1, reduction_supported=True, multiple_buffering=1, min_utilization=0, allow_overbooking=False, meshX=128, meshY=128, technology=22nm, version=0.4, global_cycle_seconds=1e-09, action_latency_cycles=1, cycle_seconds=1e-09, n_instances=1).read(global_cycle_seconds=1e-09, action_latency_cycles=1)
2025-04-24 18:36:20 INFO        Library estimated 0.10681962781725327p with accuracy 90%. Messages:
2025-04-24 18:36:20 INFO        | Found 1 entries for aladdin_register.read.
2025-04-24 18:36:20 INFO        | Checking entry "{'technology': '40nm', 'global_cycle_seconds': '1e-9', 'width|datawidth': '1', 'dynamic energy(pJ)': '0.009', 'area(um^2)': '5.98E+00', 'action': 'read', 'name': 'aladdin_register', 'n_instances': 1}
2025-04-24 18:36:20 INFO        | value=0.009, matching_attrs=2, log=['Scaling width from 1 to 16', 'Scaling technology from 40nm to 22nm', 'Scaling global_cycle_seconds from 1e-9 to 1e-09', 'Scaled aladdin_register.width from 1.0 to 16.0: 16.0x energy', 'Scaled aladdin_register.technology from 40.0 to 22.0: 0.7418029709531477x energy', 'Scaled aladdin_register.global_cycle_seconds from 1e-09 to 1e-09: 1x energy', 'aladdin_register energy has been scaled 11.868847535250364x']
2025-04-24 18:36:20 INFO        | Best-matching entry: {'technology': '40nm', 'global_cycle_seconds': '1e-9', 'width|datawidth': '1', 'dynamic energy(pJ)': '0.009', 'area(um^2)': '5.98E+00', 'action': 'read', 'name': 'aladdin_register', 'n_instances': 1}
2025-04-24 18:36:20 INFO        | Scaling width from 1 to 16
2025-04-24 18:36:20 INFO        | Scaling technology from 40nm to 22nm
2025-04-24 18:36:20 INFO        | Scaling global_cycle_seconds from 1e-9 to 1e-09
2025-04-24 18:36:20 INFO        | Scaled aladdin_register.width from 1.0 to 16.0: 16.0x energy
2025-04-24 18:36:20 INFO        | Scaled aladdin_register.technology from 40.0 to 22.0: 0.7418029709531477x energy
2025-04-24 18:36:20 INFO        | Scaled aladdin_register.global_cycle_seconds from 1e-09 to 1e-09: 1x energy
2025-04-24 18:36:20 INFO        | aladdin_register energy has been scaled 11.868847535250364x
2025-04-24 18:36:20 INFO        
2025-04-24 18:36:20 INFO        ENERGY ESTIMATION for aladdin_register(depth=1, width=16, datawidth=16, has_power_gating=False, n_banks=2, cluster_size=1, reduction_supported=True, multiple_buffering=1, min_utilization=0, allow_overbooking=False, meshX=128, meshY=128, technology=22nm, version=0.4, global_cycle_seconds=1e-09, action_latency_cycles=1, cycle_seconds=1e-09, n_instances=1).leak(global_cycle_seconds=1e-09, action_latency_cycles=1)
2025-04-24 18:36:20 INFO        Library estimated 0.0p with accuracy 90%. Messages:
2025-04-24 18:36:20 INFO        | Found 1 entries for aladdin_register.leak.
2025-04-24 18:36:20 INFO        | Checking entry "{'technology': '40nm', 'global_cycle_seconds': '1e-9', 'width|datawidth': '1', 'dynamic energy(pJ)': '0', 'area(um^2)': '5.98E+00', 'action': 'leak', 'name': 'aladdin_register', 'n_instances': 1}
2025-04-24 18:36:20 INFO        | value=0.0, matching_attrs=2, log=['Scaling width from 1 to 16', 'Scaling technology from 40nm to 22nm', 'Scaling global_cycle_seconds from 1e-9 to 1e-09', 'Scaled aladdin_register.width from 1.0 to 16.0: 16.0x leak', 'Scaled aladdin_register.technology from 40.0 to 22.0: 0.7418029709531477x leak', 'Scaled aladdin_register.global_cycle_seconds from 1e-09 to 1e-09: 1.0x leak', 'aladdin_register leak has been scaled 11.868847535250364x']
2025-04-24 18:36:20 INFO        | Best-matching entry: {'technology': '40nm', 'global_cycle_seconds': '1e-9', 'width|datawidth': '1', 'dynamic energy(pJ)': '0', 'area(um^2)': '5.98E+00', 'action': 'leak', 'name': 'aladdin_register', 'n_instances': 1}
2025-04-24 18:36:20 INFO        | Scaling width from 1 to 16
2025-04-24 18:36:20 INFO        | Scaling technology from 40nm to 22nm
2025-04-24 18:36:20 INFO        | Scaling global_cycle_seconds from 1e-9 to 1e-09
2025-04-24 18:36:20 INFO        | Scaled aladdin_register.width from 1.0 to 16.0: 16.0x leak
2025-04-24 18:36:20 INFO        | Scaled aladdin_register.technology from 40.0 to 22.0: 0.7418029709531477x leak
2025-04-24 18:36:20 INFO        | Scaled aladdin_register.global_cycle_seconds from 1e-09 to 1e-09: 1.0x leak
2025-04-24 18:36:20 INFO        | aladdin_register leak has been scaled 11.868847535250364x
2025-04-24 18:36:20 INFO        | Multiplying by n_instances 1
2025-04-24 18:36:20 INFO        
2025-04-24 18:36:20 INFO        ENERGY ESTIMATION for aladdin_register(depth=1, width=16, datawidth=16, has_power_gating=False, n_banks=2, cluster_size=1, reduction_supported=True, multiple_buffering=1, min_utilization=0, allow_overbooking=False, meshX=128, meshY=128, technology=22nm, version=0.4, global_cycle_seconds=1e-09, action_latency_cycles=1, cycle_seconds=1e-09, n_instances=1).write(global_cycle_seconds=1e-09, action_latency_cycles=1)
2025-04-24 18:36:20 INFO        Library estimated 0.0p with accuracy 90%. Messages:
2025-04-24 18:36:20 INFO        | Found 1 entries for aladdin_register.write.
2025-04-24 18:36:20 INFO        | Checking entry "{'technology': '40nm', 'global_cycle_seconds': '1e-9', 'width|datawidth': '1', 'dynamic energy(pJ)': '0', 'area(um^2)': '5.98E+00', 'action': 'write', 'name': 'aladdin_register', 'n_instances': 1}
2025-04-24 18:36:20 INFO        | value=0.0, matching_attrs=2, log=['Scaling width from 1 to 16', 'Scaling technology from 40nm to 22nm', 'Scaling global_cycle_seconds from 1e-9 to 1e-09', 'Scaled aladdin_register.width from 1.0 to 16.0: 16.0x energy', 'Scaled aladdin_register.technology from 40.0 to 22.0: 0.7418029709531477x energy', 'Scaled aladdin_register.global_cycle_seconds from 1e-09 to 1e-09: 1x energy', 'aladdin_register energy has been scaled 11.868847535250364x']
2025-04-24 18:36:20 INFO        | Best-matching entry: {'technology': '40nm', 'global_cycle_seconds': '1e-9', 'width|datawidth': '1', 'dynamic energy(pJ)': '0', 'area(um^2)': '5.98E+00', 'action': 'write', 'name': 'aladdin_register', 'n_instances': 1}
2025-04-24 18:36:20 INFO        | Scaling width from 1 to 16
2025-04-24 18:36:20 INFO        | Scaling technology from 40nm to 22nm
2025-04-24 18:36:20 INFO        | Scaling global_cycle_seconds from 1e-9 to 1e-09
2025-04-24 18:36:20 INFO        | Scaled aladdin_register.width from 1.0 to 16.0: 16.0x energy
2025-04-24 18:36:20 INFO        | Scaled aladdin_register.technology from 40.0 to 22.0: 0.7418029709531477x energy
2025-04-24 18:36:20 INFO        | Scaled aladdin_register.global_cycle_seconds from 1e-09 to 1e-09: 1x energy
2025-04-24 18:36:20 INFO        | aladdin_register energy has been scaled 11.868847535250364x
2025-04-24 18:36:20 INFO        
2025-04-24 18:36:20 INFO        ENERGY ESTIMATION for aladdin_register(depth=1, width=16, datawidth=16, has_power_gating=False, n_banks=2, cluster_size=1, reduction_supported=True, multiple_buffering=1, min_utilization=0, allow_overbooking=False, meshX=128, meshY=128, technology=22nm, version=0.4, global_cycle_seconds=1e-09, action_latency_cycles=1, cycle_seconds=1e-09, n_instances=1).update(global_cycle_seconds=1e-09, action_latency_cycles=1)
2025-04-24 18:36:20 INFO        Library estimated 0.0p with accuracy 90%. Messages:
2025-04-24 18:36:20 INFO        | Found 1 entries for aladdin_register.update.
2025-04-24 18:36:20 INFO        | Checking entry "{'technology': '40nm', 'global_cycle_seconds': '1e-9', 'width|datawidth': '1', 'dynamic energy(pJ)': '0', 'area(um^2)': '5.98E+00', 'action': 'update', 'name': 'aladdin_register', 'n_instances': 1}
2025-04-24 18:36:20 INFO        | value=0.0, matching_attrs=2, log=['Scaling width from 1 to 16', 'Scaling technology from 40nm to 22nm', 'Scaling global_cycle_seconds from 1e-9 to 1e-09', 'Scaled aladdin_register.width from 1.0 to 16.0: 16.0x energy', 'Scaled aladdin_register.technology from 40.0 to 22.0: 0.7418029709531477x energy', 'Scaled aladdin_register.global_cycle_seconds from 1e-09 to 1e-09: 1x energy', 'aladdin_register energy has been scaled 11.868847535250364x']
2025-04-24 18:36:20 INFO        | Best-matching entry: {'technology': '40nm', 'global_cycle_seconds': '1e-9', 'width|datawidth': '1', 'dynamic energy(pJ)': '0', 'area(um^2)': '5.98E+00', 'action': 'update', 'name': 'aladdin_register', 'n_instances': 1}
2025-04-24 18:36:20 INFO        | Scaling width from 1 to 16
2025-04-24 18:36:20 INFO        | Scaling technology from 40nm to 22nm
2025-04-24 18:36:20 INFO        | Scaling global_cycle_seconds from 1e-9 to 1e-09
2025-04-24 18:36:20 INFO        | Scaled aladdin_register.width from 1.0 to 16.0: 16.0x energy
2025-04-24 18:36:20 INFO        | Scaled aladdin_register.technology from 40.0 to 22.0: 0.7418029709531477x energy
2025-04-24 18:36:20 INFO        | Scaled aladdin_register.global_cycle_seconds from 1e-09 to 1e-09: 1x energy
2025-04-24 18:36:20 INFO        | aladdin_register energy has been scaled 11.868847535250364x
2025-04-24 18:36:20 INFO        
2025-04-24 18:36:20 INFO        ENERGY ESTIMATION for aladdin_register(depth=1, width=16, datawidth=16, has_power_gating=False, n_banks=2, cluster_size=1, reduction_supported=True, multiple_buffering=1, min_utilization=0, allow_overbooking=False, meshX=128, meshY=128, technology=22nm, version=0.4, global_cycle_seconds=1e-09, action_latency_cycles=1, cycle_seconds=1e-09, n_instances=1).read(global_cycle_seconds=1e-09, action_latency_cycles=1)
2025-04-24 18:36:20 INFO        Library estimated 0.10681962781725327p with accuracy 90%. Messages:
2025-04-24 18:36:20 INFO        | Found 1 entries for aladdin_register.read.
2025-04-24 18:36:20 INFO        | Checking entry "{'technology': '40nm', 'global_cycle_seconds': '1e-9', 'width|datawidth': '1', 'dynamic energy(pJ)': '0.009', 'area(um^2)': '5.98E+00', 'action': 'read', 'name': 'aladdin_register', 'n_instances': 1}
2025-04-24 18:36:20 INFO        | value=0.009, matching_attrs=2, log=['Scaling width from 1 to 16', 'Scaling technology from 40nm to 22nm', 'Scaling global_cycle_seconds from 1e-9 to 1e-09', 'Scaled aladdin_register.width from 1.0 to 16.0: 16.0x energy', 'Scaled aladdin_register.technology from 40.0 to 22.0: 0.7418029709531477x energy', 'Scaled aladdin_register.global_cycle_seconds from 1e-09 to 1e-09: 1x energy', 'aladdin_register energy has been scaled 11.868847535250364x']
2025-04-24 18:36:20 INFO        | Best-matching entry: {'technology': '40nm', 'global_cycle_seconds': '1e-9', 'width|datawidth': '1', 'dynamic energy(pJ)': '0.009', 'area(um^2)': '5.98E+00', 'action': 'read', 'name': 'aladdin_register', 'n_instances': 1}
2025-04-24 18:36:20 INFO        | Scaling width from 1 to 16
2025-04-24 18:36:20 INFO        | Scaling technology from 40nm to 22nm
2025-04-24 18:36:20 INFO        | Scaling global_cycle_seconds from 1e-9 to 1e-09
2025-04-24 18:36:20 INFO        | Scaled aladdin_register.width from 1.0 to 16.0: 16.0x energy
2025-04-24 18:36:20 INFO        | Scaled aladdin_register.technology from 40.0 to 22.0: 0.7418029709531477x energy
2025-04-24 18:36:20 INFO        | Scaled aladdin_register.global_cycle_seconds from 1e-09 to 1e-09: 1x energy
2025-04-24 18:36:20 INFO        | aladdin_register energy has been scaled 11.868847535250364x
2025-04-24 18:36:20 INFO        
2025-04-24 18:36:20 INFO        ENERGY ESTIMATION for SRAM(width=64, depth=16384, n_rw_ports=1, technology=22nm, global_cycle_seconds=1e-09, action_latency_cycles=1, cycle_seconds=1e-09, n_instances=1).write(global_cycle_seconds=1e-09, action_latency_cycles=1, cycle_seconds=1e-09, technology=22nm, n_instances=1)
2025-04-24 18:36:22 INFO        CactiSRAM estimated 6.160190000000001e-12 with accuracy 80%. Messages:
2025-04-24 18:36:22 INFO        | Unused arguments (global_cycle_seconds, action_latency_cycles, cycle_seconds, n_instances) provided for ['SRAM', 'sram'].__init__. Arguments used: (width, depth, n_rw_ports, technology)
2025-04-24 18:36:22 INFO        | Unused arguments (global_cycle_seconds, action_latency_cycles, cycle_seconds, technology, n_instances) provided for ['SRAM', 'sram'].write. Arguments used: ()
2025-04-24 18:36:22 INFO        | Calling CACTI with cache_size=131072 n_rw_ports=1 block_size=8 tech_node_um=0.022 n_banks=1 tag_size=0 associativity=1
2025-04-24 18:36:22 INFO        | Calling CACTI with input path /usr/local/share/accelergy/estimation_plug_ins/accelergy-cacti-plug-in/cacti_inputs_outputs/tmpa7f8ibdz
2025-04-24 18:36:22 INFO        | CACTI output will be written to /usr/local/share/accelergy/estimation_plug_ins/accelergy-cacti-plug-in/cacti_inputs_outputs/tmpnqz70cpo
2025-04-24 18:36:22 INFO        | CACTI executable not found at /usr/local/share/accelergy/estimation_plug_ins/accelergy-cacti-plug-in/cacti/cacti
2025-04-24 18:36:22 INFO        | Calling: cd /usr/local/share/accelergy/estimation_plug_ins/accelergy-cacti-plug-in ; ./cacti -infile /usr/local/share/accelergy/estimation_plug_ins/accelergy-cacti-plug-in/cacti_inputs_outputs/tmpa7f8ibdz >> /usr/local/share/accelergy/estimation_plug_ins/accelergy-cacti-plug-in/cacti_inputs_outputs/tmpnqz70cpo 2>&1
2025-04-24 18:36:22 INFO        | Cache bandwidth: 8.0 bytes/cycle
2025-04-24 18:36:22 INFO        | Cache bandwidth: 73786613724.77132 bits/second
2025-04-24 18:36:22 INFO        
2025-04-24 18:36:22 INFO        ENERGY ESTIMATION for intadder(n_bits=14, precision=14, width=14, global_cycle_seconds=1e-09, action_latency_cycles=1, cycle_seconds=1e-09, technology=22nm, n_instances=1).add(global_cycle_seconds=1e-09, action_latency_cycles=1, cycle_seconds=1e-09, technology=22nm, n_instances=1)
2025-04-24 18:36:22 INFO        Neurosim Plug-In estimated 0.01495883p with accuracy 70%. Messages:
2025-04-24 18:36:22 INFO        | WARN: Non-numeric 22nm for parameter technology. Using 22 instead.
2025-04-24 18:36:22 INFO        | Building a crossbar with cell file /usr/local/share/accelergy/estimation_plug_ins/accelergy-neurosim-plugin/cells/placeholder.cell
2025-04-24 18:36:22 INFO        | Neurosim Plugin parsing cell file...
2025-04-24 18:36:22 INFO        | 	Failed to calculate "widthSRAMCellNMOS:". Ignore if this value is not needed.
2025-04-24 18:36:22 INFO        | 		Could not find -SRAMCellNMOSWidth (F): in cell file.
2025-04-24 18:36:22 INFO        | 	Failed to calculate "widthSRAMCellPMOS:". Ignore if this value is not needed.
2025-04-24 18:36:22 INFO        | 		Could not find -SRAMCellPMOSWidth (F): in cell file.
2025-04-24 18:36:22 INFO        | 	Failed to calculate "minSenseVoltage:". Ignore if this value is not needed.
2025-04-24 18:36:22 INFO        | 		Could not find -MinSenseVoltage (mV): in cell file.
2025-04-24 18:36:22 INFO        | 	Failed to calculate "accessTransistorResistance:". Ignore if this value is not needed.
2025-04-24 18:36:22 INFO        | 		Could not find -AccessTransistorResistance (ohm): in cell file.
2025-04-24 18:36:22 INFO        | 	Failed to calculate "WriteVoltage:". Ignore if this value is not needed.
2025-04-24 18:36:22 INFO        | 		Could not find -WriteVoltage (V): in cell file.
2025-04-24 18:36:22 INFO        | 	Failed to calculate "SET_CURRENT". Ignore if this value is not needed.
2025-04-24 18:36:22 INFO        | 		Could not find -SetCurrent (uA): in cell file.
2025-04-24 18:36:22 INFO        | 	Failed to calculate "SET_POWER". Ignore if this value is not needed.
2025-04-24 18:36:22 INFO        | 		Could not find -SetPower (uW): in cell file.
2025-04-24 18:36:22 INFO        | 	Failed to calculate "READ_CURRENT". Ignore if this value is not needed.
2025-04-24 18:36:22 INFO        | 		Could not find -ReadCurrent (uA): in cell file.
2025-04-24 18:36:22 INFO        | 	Failed to calculate "READ_ENERGY". Ignore if this value is not needed.
2025-04-24 18:36:22 INFO        | 		Could not find -ReadEnergy (pJ): in cell file.
2025-04-24 18:36:22 INFO        | 	Failed to calculate "cellCapacitanceMultiplier:". Ignore if this value is not needed.
2025-04-24 18:36:22 INFO        | 		Could not find -CellCapacitanceMultiplier: in cell file.
2025-04-24 18:36:22 INFO        | 	Failed to calculate "cellCapacitanceAdjust:". Ignore if this value is not needed.
2025-04-24 18:36:22 INFO        | 		Could not find -CellCapacitanceAdjust (F): in cell file.
2025-04-24 18:36:22 INFO        | 	Failed to calculate "deviceRoadmap:". Ignore if this value is not needed.
2025-04-24 18:36:22 INFO        | 		Could not find -DeviceRoadmap -1LP 1HP 2LSTP: in cell file.
2025-04-24 18:36:22 INFO        | Running /usr/local/share/accelergy/estimation_plug_ins/accelergy-neurosim-plugin/NeuroSim/main /usr/local/share/accelergy/estimation_plug_ins/accelergy-neurosim-plugin/neurosim_input_496.cfg
2025-04-24 18:36:22 INFO        | Crossbar minimum latency is 2.005 ns to read 8.0 columns at once.
2025-04-24 18:36:22 INFO        
2025-04-24 18:36:22 INFO        ENERGY ESTIMATION for SRAM(width=64, depth=16384, n_rw_ports=1, technology=22nm, global_cycle_seconds=1e-09, action_latency_cycles=1, cycle_seconds=1e-09, n_instances=1).read(global_cycle_seconds=1e-09, action_latency_cycles=1, cycle_seconds=1e-09, technology=22nm, n_instances=1)
2025-04-24 18:36:23 INFO        CactiSRAM estimated 7.40229e-12 with accuracy 80%. Messages:
2025-04-24 18:36:23 INFO        | Unused arguments (global_cycle_seconds, action_latency_cycles, cycle_seconds, n_instances) provided for ['SRAM', 'sram'].__init__. Arguments used: (width, depth, n_rw_ports, technology)
2025-04-24 18:36:23 INFO        | Unused arguments (global_cycle_seconds, action_latency_cycles, cycle_seconds, technology, n_instances) provided for ['SRAM', 'sram'].read. Arguments used: ()
2025-04-24 18:36:23 INFO        | Calling CACTI with cache_size=131072 n_rw_ports=1 block_size=8 tech_node_um=0.022 n_banks=1 tag_size=0 associativity=1
2025-04-24 18:36:23 INFO        | Calling CACTI with input path /usr/local/share/accelergy/estimation_plug_ins/accelergy-cacti-plug-in/cacti_inputs_outputs/tmpj305t_cr
2025-04-24 18:36:23 INFO        | CACTI output will be written to /usr/local/share/accelergy/estimation_plug_ins/accelergy-cacti-plug-in/cacti_inputs_outputs/tmpgyxa3x07
2025-04-24 18:36:23 INFO        | CACTI executable not found at /usr/local/share/accelergy/estimation_plug_ins/accelergy-cacti-plug-in/cacti/cacti
2025-04-24 18:36:23 INFO        | Calling: cd /usr/local/share/accelergy/estimation_plug_ins/accelergy-cacti-plug-in ; ./cacti -infile /usr/local/share/accelergy/estimation_plug_ins/accelergy-cacti-plug-in/cacti_inputs_outputs/tmpj305t_cr >> /usr/local/share/accelergy/estimation_plug_ins/accelergy-cacti-plug-in/cacti_inputs_outputs/tmpgyxa3x07 2>&1
2025-04-24 18:36:23 INFO        | Cache bandwidth: 8.0 bytes/cycle
2025-04-24 18:36:24 INFO        | Cache bandwidth: 73786613724.77132 bits/second
2025-04-24 18:36:24 INFO        
2025-04-24 18:36:24 INFO        ENERGY ESTIMATION for intadder(n_bits=14, precision=14, width=14, global_cycle_seconds=1e-09, action_latency_cycles=1, cycle_seconds=1e-09, technology=22nm, n_instances=1).add(global_cycle_seconds=1e-09, action_latency_cycles=1, cycle_seconds=1e-09, technology=22nm, n_instances=1)
2025-04-24 18:36:24 INFO        Neurosim Plug-In estimated 0.01495883p with accuracy 70%. Messages:
2025-04-24 18:36:24 INFO        | WARN: Non-numeric 22nm for parameter technology. Using 22 instead.
2025-04-24 18:36:24 INFO        
2025-04-24 18:36:24 INFO        ENERGY ESTIMATION for SRAM(width=64, depth=16384, n_rw_ports=1, technology=22nm, global_cycle_seconds=1e-09, action_latency_cycles=1, cycle_seconds=1e-09, n_instances=1).leak(global_cycle_seconds=1e-09, action_latency_cycles=1, cycle_seconds=1e-09, technology=22nm, n_instances=1)
2025-04-24 18:36:25 INFO        CactiSRAM estimated 1.9539100000000002e-14 with accuracy 80%. Messages:
2025-04-24 18:36:25 INFO        | Unused arguments (global_cycle_seconds, action_latency_cycles, cycle_seconds, n_instances) provided for ['SRAM', 'sram'].__init__. Arguments used: (width, depth, n_rw_ports, technology)
2025-04-24 18:36:25 INFO        | Unused arguments (action_latency_cycles, cycle_seconds, technology, n_instances) provided for ['SRAM', 'sram'].leak. Arguments used: (global_cycle_seconds)
2025-04-24 18:36:25 INFO        | Calling CACTI with cache_size=131072 n_rw_ports=1 block_size=8 tech_node_um=0.022 n_banks=1 tag_size=0 associativity=1
2025-04-24 18:36:25 INFO        | Calling CACTI with input path /usr/local/share/accelergy/estimation_plug_ins/accelergy-cacti-plug-in/cacti_inputs_outputs/tmphklhbb5n
2025-04-24 18:36:25 INFO        | CACTI output will be written to /usr/local/share/accelergy/estimation_plug_ins/accelergy-cacti-plug-in/cacti_inputs_outputs/tmpll5w72h9
2025-04-24 18:36:25 INFO        | CACTI executable not found at /usr/local/share/accelergy/estimation_plug_ins/accelergy-cacti-plug-in/cacti/cacti
2025-04-24 18:36:25 INFO        | Calling: cd /usr/local/share/accelergy/estimation_plug_ins/accelergy-cacti-plug-in ; ./cacti -infile /usr/local/share/accelergy/estimation_plug_ins/accelergy-cacti-plug-in/cacti_inputs_outputs/tmphklhbb5n >> /usr/local/share/accelergy/estimation_plug_ins/accelergy-cacti-plug-in/cacti_inputs_outputs/tmpll5w72h9 2>&1
2025-04-24 18:36:25 INFO        | Cache bandwidth: 8.0 bytes/cycle
2025-04-24 18:36:25 INFO        | Cache bandwidth: 73786613724.77132 bits/second
2025-04-24 18:36:25 INFO        | Multiplying by n_instances 1
2025-04-24 18:36:25 INFO        
2025-04-24 18:36:25 INFO        ENERGY ESTIMATION for intadder(n_bits=14, precision=14, width=14, global_cycle_seconds=1e-09, action_latency_cycles=1, cycle_seconds=1e-09, technology=22nm, n_instances=1).leak(global_cycle_seconds=1e-09, action_latency_cycles=1, cycle_seconds=1e-09, technology=22nm, n_instances=1)
2025-04-24 18:36:25 INFO        Neurosim Plug-In estimated 1.8790800000000002e-06p with accuracy 70%. Messages:
2025-04-24 18:36:25 INFO        | WARN: Non-numeric 22nm for parameter technology. Using 22 instead.
2025-04-24 18:36:25 INFO        | Multiplying by n_instances 1
2025-04-24 18:36:25 INFO        
2025-04-24 18:36:25 INFO        ENERGY ESTIMATION for SRAM(width=64, depth=16384, n_rw_ports=1, technology=22nm, global_cycle_seconds=1e-09, action_latency_cycles=1, cycle_seconds=1e-09, n_instances=1).write(global_cycle_seconds=1e-09, action_latency_cycles=1, cycle_seconds=1e-09, technology=22nm, n_instances=1)
2025-04-24 18:36:27 INFO        CactiSRAM estimated 6.160190000000001e-12 with accuracy 80%. Messages:
2025-04-24 18:36:27 INFO        | Unused arguments (global_cycle_seconds, action_latency_cycles, cycle_seconds, n_instances) provided for ['SRAM', 'sram'].__init__. Arguments used: (width, depth, n_rw_ports, technology)
2025-04-24 18:36:27 INFO        | Unused arguments (global_cycle_seconds, action_latency_cycles, cycle_seconds, technology, n_instances) provided for ['SRAM', 'sram'].write. Arguments used: ()
2025-04-24 18:36:27 INFO        | Calling CACTI with cache_size=131072 n_rw_ports=1 block_size=8 tech_node_um=0.022 n_banks=1 tag_size=0 associativity=1
2025-04-24 18:36:27 INFO        | Calling CACTI with input path /usr/local/share/accelergy/estimation_plug_ins/accelergy-cacti-plug-in/cacti_inputs_outputs/tmpsvtshimn
2025-04-24 18:36:27 INFO        | CACTI output will be written to /usr/local/share/accelergy/estimation_plug_ins/accelergy-cacti-plug-in/cacti_inputs_outputs/tmpuqtth7xx
2025-04-24 18:36:27 INFO        | CACTI executable not found at /usr/local/share/accelergy/estimation_plug_ins/accelergy-cacti-plug-in/cacti/cacti
2025-04-24 18:36:27 INFO        | Calling: cd /usr/local/share/accelergy/estimation_plug_ins/accelergy-cacti-plug-in ; ./cacti -infile /usr/local/share/accelergy/estimation_plug_ins/accelergy-cacti-plug-in/cacti_inputs_outputs/tmpsvtshimn >> /usr/local/share/accelergy/estimation_plug_ins/accelergy-cacti-plug-in/cacti_inputs_outputs/tmpuqtth7xx 2>&1
2025-04-24 18:36:27 INFO        | Cache bandwidth: 8.0 bytes/cycle
2025-04-24 18:36:27 INFO        | Cache bandwidth: 73786613724.77132 bits/second
2025-04-24 18:36:27 INFO        
2025-04-24 18:36:27 INFO        ENERGY ESTIMATION for intadder(n_bits=14, precision=14, width=14, global_cycle_seconds=1e-09, action_latency_cycles=1, cycle_seconds=1e-09, technology=22nm, n_instances=1).add(global_cycle_seconds=1e-09, action_latency_cycles=1, cycle_seconds=1e-09, technology=22nm, n_instances=1)
2025-04-24 18:36:27 INFO        Neurosim Plug-In estimated 0.01495883p with accuracy 70%. Messages:
2025-04-24 18:36:27 INFO        | WARN: Non-numeric 22nm for parameter technology. Using 22 instead.
2025-04-24 18:36:27 INFO        
2025-04-24 18:36:27 INFO        ENERGY ESTIMATION for SRAM(width=16, depth=192, n_rw_ports=1, technology=22nm, global_cycle_seconds=1e-09, action_latency_cycles=1, cycle_seconds=1e-09, n_instances=1).write(global_cycle_seconds=1e-09, action_latency_cycles=1, cycle_seconds=1e-09, technology=22nm, n_instances=1)
2025-04-24 18:36:27 INFO        CactiSRAM estimated 2.3894065e-13 with accuracy 80%. Messages:
2025-04-24 18:36:27 INFO        | Unused arguments (global_cycle_seconds, action_latency_cycles, cycle_seconds, n_instances) provided for ['SRAM', 'sram'].__init__. Arguments used: (width, depth, n_rw_ports, technology)
2025-04-24 18:36:27 INFO        | Unused arguments (global_cycle_seconds, action_latency_cycles, cycle_seconds, technology, n_instances) provided for ['SRAM', 'sram'].write. Arguments used: ()
2025-04-24 18:36:27 INFO        | Calling CACTI with cache_size=768 n_rw_ports=1 block_size=4 tech_node_um=0.022 n_banks=1 tag_size=0 associativity=1
2025-04-24 18:36:27 INFO        | Calling CACTI with input path /usr/local/share/accelergy/estimation_plug_ins/accelergy-cacti-plug-in/cacti_inputs_outputs/tmphi7_y7p1
2025-04-24 18:36:27 INFO        | CACTI output will be written to /usr/local/share/accelergy/estimation_plug_ins/accelergy-cacti-plug-in/cacti_inputs_outputs/tmphk0qy9qi
2025-04-24 18:36:27 INFO        | CACTI executable not found at /usr/local/share/accelergy/estimation_plug_ins/accelergy-cacti-plug-in/cacti/cacti
2025-04-24 18:36:27 INFO        | Calling: cd /usr/local/share/accelergy/estimation_plug_ins/accelergy-cacti-plug-in ; ./cacti -infile /usr/local/share/accelergy/estimation_plug_ins/accelergy-cacti-plug-in/cacti_inputs_outputs/tmphi7_y7p1 >> /usr/local/share/accelergy/estimation_plug_ins/accelergy-cacti-plug-in/cacti_inputs_outputs/tmphk0qy9qi 2>&1
2025-04-24 18:36:27 INFO        | Cache bandwidth: 2.0 bytes/cycle
2025-04-24 18:36:27 INFO        | Cache bandwidth: 50575453835.67403 bits/second
2025-04-24 18:36:27 INFO        
2025-04-24 18:36:27 INFO        ENERGY ESTIMATION for intadder(n_bits=8, precision=8, width=8, global_cycle_seconds=1e-09, action_latency_cycles=1, cycle_seconds=1e-09, technology=22nm, n_instances=1).add(global_cycle_seconds=1e-09, action_latency_cycles=1, cycle_seconds=1e-09, technology=22nm, n_instances=1)
2025-04-24 18:36:27 INFO        Neurosim Plug-In estimated 0.008578435p with accuracy 70%. Messages:
2025-04-24 18:36:27 INFO        | WARN: Non-numeric 22nm for parameter technology. Using 22 instead.
2025-04-24 18:36:27 INFO        | Building a crossbar with cell file /usr/local/share/accelergy/estimation_plug_ins/accelergy-neurosim-plugin/cells/placeholder.cell
2025-04-24 18:36:27 INFO        | Neurosim Plugin parsing cell file...
2025-04-24 18:36:27 INFO        | 	Failed to calculate "widthSRAMCellNMOS:". Ignore if this value is not needed.
2025-04-24 18:36:27 INFO        | 		Could not find -SRAMCellNMOSWidth (F): in cell file.
2025-04-24 18:36:27 INFO        | 	Failed to calculate "widthSRAMCellPMOS:". Ignore if this value is not needed.
2025-04-24 18:36:27 INFO        | 		Could not find -SRAMCellPMOSWidth (F): in cell file.
2025-04-24 18:36:27 INFO        | 	Failed to calculate "minSenseVoltage:". Ignore if this value is not needed.
2025-04-24 18:36:27 INFO        | 		Could not find -MinSenseVoltage (mV): in cell file.
2025-04-24 18:36:27 INFO        | 	Failed to calculate "accessTransistorResistance:". Ignore if this value is not needed.
2025-04-24 18:36:27 INFO        | 		Could not find -AccessTransistorResistance (ohm): in cell file.
2025-04-24 18:36:27 INFO        | 	Failed to calculate "WriteVoltage:". Ignore if this value is not needed.
2025-04-24 18:36:27 INFO        | 		Could not find -WriteVoltage (V): in cell file.
2025-04-24 18:36:27 INFO        | 	Failed to calculate "SET_CURRENT". Ignore if this value is not needed.
2025-04-24 18:36:27 INFO        | 		Could not find -SetCurrent (uA): in cell file.
2025-04-24 18:36:27 INFO        | 	Failed to calculate "SET_POWER". Ignore if this value is not needed.
2025-04-24 18:36:27 INFO        | 		Could not find -SetPower (uW): in cell file.
2025-04-24 18:36:27 INFO        | 	Failed to calculate "READ_CURRENT". Ignore if this value is not needed.
2025-04-24 18:36:27 INFO        | 		Could not find -ReadCurrent (uA): in cell file.
2025-04-24 18:36:27 INFO        | 	Failed to calculate "READ_ENERGY". Ignore if this value is not needed.
2025-04-24 18:36:27 INFO        | 		Could not find -ReadEnergy (pJ): in cell file.
2025-04-24 18:36:27 INFO        | 	Failed to calculate "cellCapacitanceMultiplier:". Ignore if this value is not needed.
2025-04-24 18:36:27 INFO        | 		Could not find -CellCapacitanceMultiplier: in cell file.
2025-04-24 18:36:27 INFO        | 	Failed to calculate "cellCapacitanceAdjust:". Ignore if this value is not needed.
2025-04-24 18:36:27 INFO        | 		Could not find -CellCapacitanceAdjust (F): in cell file.
2025-04-24 18:36:27 INFO        | 	Failed to calculate "deviceRoadmap:". Ignore if this value is not needed.
2025-04-24 18:36:27 INFO        | 		Could not find -DeviceRoadmap -1LP 1HP 2LSTP: in cell file.
2025-04-24 18:36:27 INFO        | Running /usr/local/share/accelergy/estimation_plug_ins/accelergy-neurosim-plugin/NeuroSim/main /usr/local/share/accelergy/estimation_plug_ins/accelergy-neurosim-plugin/neurosim_input_496.cfg
2025-04-24 18:36:27 INFO        | Crossbar minimum latency is 2.005 ns to read 8.0 columns at once.
2025-04-24 18:36:27 INFO        
2025-04-24 18:36:27 INFO        ENERGY ESTIMATION for SRAM(width=16, depth=192, n_rw_ports=1, technology=22nm, global_cycle_seconds=1e-09, action_latency_cycles=1, cycle_seconds=1e-09, n_instances=1).read(global_cycle_seconds=1e-09, action_latency_cycles=1, cycle_seconds=1e-09, technology=22nm, n_instances=1)
2025-04-24 18:36:27 INFO        CactiSRAM estimated 1.6904615e-13 with accuracy 80%. Messages:
2025-04-24 18:36:27 INFO        | Unused arguments (global_cycle_seconds, action_latency_cycles, cycle_seconds, n_instances) provided for ['SRAM', 'sram'].__init__. Arguments used: (width, depth, n_rw_ports, technology)
2025-04-24 18:36:27 INFO        | Unused arguments (global_cycle_seconds, action_latency_cycles, cycle_seconds, technology, n_instances) provided for ['SRAM', 'sram'].read. Arguments used: ()
2025-04-24 18:36:27 INFO        | Calling CACTI with cache_size=768 n_rw_ports=1 block_size=4 tech_node_um=0.022 n_banks=1 tag_size=0 associativity=1
2025-04-24 18:36:27 INFO        | Calling CACTI with input path /usr/local/share/accelergy/estimation_plug_ins/accelergy-cacti-plug-in/cacti_inputs_outputs/tmpyipxmf15
2025-04-24 18:36:27 INFO        | CACTI output will be written to /usr/local/share/accelergy/estimation_plug_ins/accelergy-cacti-plug-in/cacti_inputs_outputs/tmp016u0xlo
2025-04-24 18:36:27 INFO        | CACTI executable not found at /usr/local/share/accelergy/estimation_plug_ins/accelergy-cacti-plug-in/cacti/cacti
2025-04-24 18:36:27 INFO        | Calling: cd /usr/local/share/accelergy/estimation_plug_ins/accelergy-cacti-plug-in ; ./cacti -infile /usr/local/share/accelergy/estimation_plug_ins/accelergy-cacti-plug-in/cacti_inputs_outputs/tmpyipxmf15 >> /usr/local/share/accelergy/estimation_plug_ins/accelergy-cacti-plug-in/cacti_inputs_outputs/tmp016u0xlo 2>&1
2025-04-24 18:36:27 INFO        | Cache bandwidth: 2.0 bytes/cycle
2025-04-24 18:36:27 INFO        | Cache bandwidth: 50575453835.67403 bits/second
2025-04-24 18:36:27 INFO        
2025-04-24 18:36:27 INFO        ENERGY ESTIMATION for intadder(n_bits=8, precision=8, width=8, global_cycle_seconds=1e-09, action_latency_cycles=1, cycle_seconds=1e-09, technology=22nm, n_instances=1).add(global_cycle_seconds=1e-09, action_latency_cycles=1, cycle_seconds=1e-09, technology=22nm, n_instances=1)
2025-04-24 18:36:27 INFO        Neurosim Plug-In estimated 0.008578435p with accuracy 70%. Messages:
2025-04-24 18:36:27 INFO        | WARN: Non-numeric 22nm for parameter technology. Using 22 instead.
2025-04-24 18:36:27 INFO        
2025-04-24 18:36:27 INFO        ENERGY ESTIMATION for SRAM(width=16, depth=192, n_rw_ports=1, technology=22nm, global_cycle_seconds=1e-09, action_latency_cycles=1, cycle_seconds=1e-09, n_instances=1).leak(global_cycle_seconds=1e-09, action_latency_cycles=1, cycle_seconds=1e-09, technology=22nm, n_instances=1)
2025-04-24 18:36:27 INFO        CactiSRAM estimated 9.6367e-17 with accuracy 80%. Messages:
2025-04-24 18:36:27 INFO        | Unused arguments (global_cycle_seconds, action_latency_cycles, cycle_seconds, n_instances) provided for ['SRAM', 'sram'].__init__. Arguments used: (width, depth, n_rw_ports, technology)
2025-04-24 18:36:27 INFO        | Unused arguments (action_latency_cycles, cycle_seconds, technology, n_instances) provided for ['SRAM', 'sram'].leak. Arguments used: (global_cycle_seconds)
2025-04-24 18:36:27 INFO        | Calling CACTI with cache_size=768 n_rw_ports=1 block_size=4 tech_node_um=0.022 n_banks=1 tag_size=0 associativity=1
2025-04-24 18:36:27 INFO        | Calling CACTI with input path /usr/local/share/accelergy/estimation_plug_ins/accelergy-cacti-plug-in/cacti_inputs_outputs/tmpmv1zmyn5
2025-04-24 18:36:27 INFO        | CACTI output will be written to /usr/local/share/accelergy/estimation_plug_ins/accelergy-cacti-plug-in/cacti_inputs_outputs/tmpy3d8u0sj
2025-04-24 18:36:27 INFO        | CACTI executable not found at /usr/local/share/accelergy/estimation_plug_ins/accelergy-cacti-plug-in/cacti/cacti
2025-04-24 18:36:27 INFO        | Calling: cd /usr/local/share/accelergy/estimation_plug_ins/accelergy-cacti-plug-in ; ./cacti -infile /usr/local/share/accelergy/estimation_plug_ins/accelergy-cacti-plug-in/cacti_inputs_outputs/tmpmv1zmyn5 >> /usr/local/share/accelergy/estimation_plug_ins/accelergy-cacti-plug-in/cacti_inputs_outputs/tmpy3d8u0sj 2>&1
2025-04-24 18:36:27 INFO        | Cache bandwidth: 2.0 bytes/cycle
2025-04-24 18:36:27 INFO        | Cache bandwidth: 50575453835.67403 bits/second
2025-04-24 18:36:27 INFO        | Multiplying by n_instances 1
2025-04-24 18:36:27 INFO        
2025-04-24 18:36:27 INFO        ENERGY ESTIMATION for intadder(n_bits=8, precision=8, width=8, global_cycle_seconds=1e-09, action_latency_cycles=1, cycle_seconds=1e-09, technology=22nm, n_instances=1).leak(global_cycle_seconds=1e-09, action_latency_cycles=1, cycle_seconds=1e-09, technology=22nm, n_instances=1)
2025-04-24 18:36:27 INFO        Neurosim Plug-In estimated 1.07376e-06p with accuracy 70%. Messages:
2025-04-24 18:36:27 INFO        | WARN: Non-numeric 22nm for parameter technology. Using 22 instead.
2025-04-24 18:36:27 INFO        | Multiplying by n_instances 1
2025-04-24 18:36:27 INFO        
2025-04-24 18:36:27 INFO        ENERGY ESTIMATION for SRAM(width=16, depth=192, n_rw_ports=1, technology=22nm, global_cycle_seconds=1e-09, action_latency_cycles=1, cycle_seconds=1e-09, n_instances=1).write(global_cycle_seconds=1e-09, action_latency_cycles=1, cycle_seconds=1e-09, technology=22nm, n_instances=1)
2025-04-24 18:36:27 INFO        CactiSRAM estimated 2.3894065e-13 with accuracy 80%. Messages:
2025-04-24 18:36:27 INFO        | Unused arguments (global_cycle_seconds, action_latency_cycles, cycle_seconds, n_instances) provided for ['SRAM', 'sram'].__init__. Arguments used: (width, depth, n_rw_ports, technology)
2025-04-24 18:36:27 INFO        | Unused arguments (global_cycle_seconds, action_latency_cycles, cycle_seconds, technology, n_instances) provided for ['SRAM', 'sram'].write. Arguments used: ()
2025-04-24 18:36:27 INFO        | Calling CACTI with cache_size=768 n_rw_ports=1 block_size=4 tech_node_um=0.022 n_banks=1 tag_size=0 associativity=1
2025-04-24 18:36:27 INFO        | Calling CACTI with input path /usr/local/share/accelergy/estimation_plug_ins/accelergy-cacti-plug-in/cacti_inputs_outputs/tmpcb1twfpn
2025-04-24 18:36:27 INFO        | CACTI output will be written to /usr/local/share/accelergy/estimation_plug_ins/accelergy-cacti-plug-in/cacti_inputs_outputs/tmpevk71q1d
2025-04-24 18:36:27 INFO        | CACTI executable not found at /usr/local/share/accelergy/estimation_plug_ins/accelergy-cacti-plug-in/cacti/cacti
2025-04-24 18:36:27 INFO        | Calling: cd /usr/local/share/accelergy/estimation_plug_ins/accelergy-cacti-plug-in ; ./cacti -infile /usr/local/share/accelergy/estimation_plug_ins/accelergy-cacti-plug-in/cacti_inputs_outputs/tmpcb1twfpn >> /usr/local/share/accelergy/estimation_plug_ins/accelergy-cacti-plug-in/cacti_inputs_outputs/tmpevk71q1d 2>&1
2025-04-24 18:36:27 INFO        | Cache bandwidth: 2.0 bytes/cycle
2025-04-24 18:36:27 INFO        | Cache bandwidth: 50575453835.67403 bits/second
2025-04-24 18:36:27 INFO        
2025-04-24 18:36:27 INFO        ENERGY ESTIMATION for intadder(n_bits=8, precision=8, width=8, global_cycle_seconds=1e-09, action_latency_cycles=1, cycle_seconds=1e-09, technology=22nm, n_instances=1).add(global_cycle_seconds=1e-09, action_latency_cycles=1, cycle_seconds=1e-09, technology=22nm, n_instances=1)
2025-04-24 18:36:27 INFO        Neurosim Plug-In estimated 0.008578435p with accuracy 70%. Messages:
2025-04-24 18:36:27 INFO        | WARN: Non-numeric 22nm for parameter technology. Using 22 instead.
2025-04-24 18:36:27 INFO        
2025-04-24 18:36:27 INFO        ENERGY ESTIMATION for aladdin_adder(width=16, global_cycle_seconds=1e-09, action_latency_cycles=1, cycle_seconds=1e-09, technology=22nm, n_instances=1).read(global_cycle_seconds=1e-09, action_latency_cycles=1, cycle_seconds=1e-09, technology=22nm, n_instances=1)
2025-04-24 18:36:27 INFO        Library estimated 0.0778893119500805p with accuracy 90%. Messages:
2025-04-24 18:36:27 INFO        | Found 1 entries for aladdin_adder.read.
2025-04-24 18:36:27 INFO        | Checking entry "{'technology': '40nm', 'global_cycle_seconds': '1e-9', 'width|datawidth': '32', 'energy': '0.21', 'area': '2.78E+02', 'action': 'read', 'name': 'aladdin_adder', 'n_instances': 1}
2025-04-24 18:36:27 INFO        | value=0.21, matching_attrs=2, log=['Scaling width from 32 to 16', 'Scaling global_cycle_seconds from 1e-9 to 1e-09', 'Scaling technology from 40nm to 22nm', 'Scaled aladdin_adder.width from 32.0 to 16.0: 0.5x energy', 'Scaled aladdin_adder.global_cycle_seconds from 1e-09 to 1e-09: 1x energy', 'Scaled aladdin_adder.technology from 40.0 to 22.0: 0.7418029709531477x energy', 'aladdin_adder energy has been scaled 0.37090148547657387x']
2025-04-24 18:36:27 INFO        | Best-matching entry: {'technology': '40nm', 'global_cycle_seconds': '1e-9', 'width|datawidth': '32', 'energy': '0.21', 'area': '2.78E+02', 'action': 'read', 'name': 'aladdin_adder', 'n_instances': 1}
2025-04-24 18:36:27 INFO        | Scaling width from 32 to 16
2025-04-24 18:36:27 INFO        | Scaling global_cycle_seconds from 1e-9 to 1e-09
2025-04-24 18:36:27 INFO        | Scaling technology from 40nm to 22nm
2025-04-24 18:36:27 INFO        | Scaled aladdin_adder.width from 32.0 to 16.0: 0.5x energy
2025-04-24 18:36:27 INFO        | Scaled aladdin_adder.global_cycle_seconds from 1e-09 to 1e-09: 1x energy
2025-04-24 18:36:27 INFO        | Scaled aladdin_adder.technology from 40.0 to 22.0: 0.7418029709531477x energy
2025-04-24 18:36:27 INFO        | aladdin_adder energy has been scaled 0.37090148547657387x
2025-04-24 18:36:27 INFO        
2025-04-24 18:36:27 INFO        ENERGY ESTIMATION for aladdin_multiplier(width_a=8, width_b=8, global_cycle_seconds=1e-09, action_latency_cycles=1, cycle_seconds=1e-09, technology=22nm, n_instances=1).read(global_cycle_seconds=1e-09, action_latency_cycles=1, cycle_seconds=1e-09, technology=22nm, n_instances=1)
2025-04-24 18:36:27 INFO        Library estimated 0.5878788544803696p with accuracy 90%. Messages:
2025-04-24 18:36:27 INFO        | Found 1 entries for aladdin_multiplier.read.
2025-04-24 18:36:27 INFO        | Checking entry "{'technology': '40nm', 'global_cycle_seconds': '1e-9', 'width|datawidth': '32', 'width_a|datawidth_a': '32', 'width_b|datawidth_b': '32', 'energy(pJ)': '12.68', 'area(um^2)': '6350', 'action': 'read', 'name': 'aladdin_multiplier', 'n_instances': 1}
2025-04-24 18:36:27 INFO        | value=12.68, matching_attrs=2, log=['Scaling width_a from 32 to 8', 'Scaling width_b from 32 to 8', 'Scaling global_cycle_seconds from 1e-9 to 1e-09', 'Scaling technology from 40nm to 22nm', 'Scaled aladdin_multiplier.width_a from 32.0 to 8.0: 0.25x energy', 'Scaled aladdin_multiplier.width_b from 32.0 to 8.0: 0.25x energy', 'Scaled aladdin_multiplier.global_cycle_seconds from 1e-09 to 1e-09: 1x energy', 'Scaled aladdin_multiplier.technology from 40.0 to 22.0: 0.7418029709531477x energy', 'aladdin_multiplier energy has been scaled 0.04636268568457173x']
2025-04-24 18:36:27 INFO        | Best-matching entry: {'technology': '40nm', 'global_cycle_seconds': '1e-9', 'width|datawidth': '32', 'width_a|datawidth_a': '32', 'width_b|datawidth_b': '32', 'energy(pJ)': '12.68', 'area(um^2)': '6350', 'action': 'read', 'name': 'aladdin_multiplier', 'n_instances': 1}
2025-04-24 18:36:27 INFO        | Scaling width_a from 32 to 8
2025-04-24 18:36:27 INFO        | Scaling width_b from 32 to 8
2025-04-24 18:36:27 INFO        | Scaling global_cycle_seconds from 1e-9 to 1e-09
2025-04-24 18:36:27 INFO        | Scaling technology from 40nm to 22nm
2025-04-24 18:36:27 INFO        | Scaled aladdin_multiplier.width_a from 32.0 to 8.0: 0.25x energy
2025-04-24 18:36:27 INFO        | Scaled aladdin_multiplier.width_b from 32.0 to 8.0: 0.25x energy
2025-04-24 18:36:27 INFO        | Scaled aladdin_multiplier.global_cycle_seconds from 1e-09 to 1e-09: 1x energy
2025-04-24 18:36:27 INFO        | Scaled aladdin_multiplier.technology from 40.0 to 22.0: 0.7418029709531477x energy
2025-04-24 18:36:27 INFO        | aladdin_multiplier energy has been scaled 0.04636268568457173x
2025-04-24 18:36:27 INFO        
2025-04-24 18:36:27 INFO        ENERGY ESTIMATION for aladdin_adder(width=16, global_cycle_seconds=1e-09, action_latency_cycles=1, cycle_seconds=1e-09, technology=22nm, n_instances=1).leak(global_cycle_seconds=1e-09, action_latency_cycles=1, cycle_seconds=1e-09, technology=22nm, n_instances=1)
2025-04-24 18:36:27 INFO        Library estimated 0.0008901635651437772p with accuracy 90%. Messages:
2025-04-24 18:36:27 INFO        | Found 1 entries for aladdin_adder.leak.
2025-04-24 18:36:27 INFO        | Checking entry "{'technology': '40nm', 'global_cycle_seconds': '1e-9', 'width|datawidth': '32', 'energy': '0.0024', 'area': '2.78E+02', 'action': 'leak', 'name': 'aladdin_adder', 'n_instances': 1}
2025-04-24 18:36:27 INFO        | value=0.0024, matching_attrs=2, log=['Scaling width from 32 to 16', 'Scaling global_cycle_seconds from 1e-9 to 1e-09', 'Scaling technology from 40nm to 22nm', 'Scaled aladdin_adder.width from 32.0 to 16.0: 0.5x leak', 'Scaled aladdin_adder.global_cycle_seconds from 1e-09 to 1e-09: 1.0x leak', 'Scaled aladdin_adder.technology from 40.0 to 22.0: 0.7418029709531477x leak', 'aladdin_adder leak has been scaled 0.37090148547657387x']
2025-04-24 18:36:27 INFO        | Best-matching entry: {'technology': '40nm', 'global_cycle_seconds': '1e-9', 'width|datawidth': '32', 'energy': '0.0024', 'area': '2.78E+02', 'action': 'leak', 'name': 'aladdin_adder', 'n_instances': 1}
2025-04-24 18:36:27 INFO        | Scaling width from 32 to 16
2025-04-24 18:36:27 INFO        | Scaling global_cycle_seconds from 1e-9 to 1e-09
2025-04-24 18:36:27 INFO        | Scaling technology from 40nm to 22nm
2025-04-24 18:36:27 INFO        | Scaled aladdin_adder.width from 32.0 to 16.0: 0.5x leak
2025-04-24 18:36:27 INFO        | Scaled aladdin_adder.global_cycle_seconds from 1e-09 to 1e-09: 1.0x leak
2025-04-24 18:36:27 INFO        | Scaled aladdin_adder.technology from 40.0 to 22.0: 0.7418029709531477x leak
2025-04-24 18:36:27 INFO        | aladdin_adder leak has been scaled 0.37090148547657387x
2025-04-24 18:36:27 INFO        | Multiplying by n_instances 1
2025-04-24 18:36:27 INFO        
2025-04-24 18:36:27 INFO        ENERGY ESTIMATION for aladdin_multiplier(width_a=8, width_b=8, global_cycle_seconds=1e-09, action_latency_cycles=1, cycle_seconds=1e-09, technology=22nm, n_instances=1).leak(global_cycle_seconds=1e-09, action_latency_cycles=1, cycle_seconds=1e-09, technology=22nm, n_instances=1)
2025-04-24 18:36:27 INFO        Library estimated 0.0037090148547657387p with accuracy 90%. Messages:
2025-04-24 18:36:27 INFO        | Found 1 entries for aladdin_multiplier.leak.
2025-04-24 18:36:27 INFO        | Checking entry "{'technology': '40nm', 'global_cycle_seconds': '1e-9', 'width|datawidth': '32', 'width_a|datawidth_a': '32', 'width_b|datawidth_b': '32', 'energy(pJ)': '0.08', 'area(um^2)': '6350', 'action': 'leak', 'name': 'aladdin_multiplier', 'n_instances': 1}
2025-04-24 18:36:27 INFO        | value=0.08, matching_attrs=2, log=['Scaling width_a from 32 to 8', 'Scaling width_b from 32 to 8', 'Scaling global_cycle_seconds from 1e-9 to 1e-09', 'Scaling technology from 40nm to 22nm', 'Scaled aladdin_multiplier.width_a from 32.0 to 8.0: 0.25x leak', 'Scaled aladdin_multiplier.width_b from 32.0 to 8.0: 0.25x leak', 'Scaled aladdin_multiplier.global_cycle_seconds from 1e-09 to 1e-09: 1.0x leak', 'Scaled aladdin_multiplier.technology from 40.0 to 22.0: 0.7418029709531477x leak', 'aladdin_multiplier leak has been scaled 0.04636268568457173x']
2025-04-24 18:36:27 INFO        | Best-matching entry: {'technology': '40nm', 'global_cycle_seconds': '1e-9', 'width|datawidth': '32', 'width_a|datawidth_a': '32', 'width_b|datawidth_b': '32', 'energy(pJ)': '0.08', 'area(um^2)': '6350', 'action': 'leak', 'name': 'aladdin_multiplier', 'n_instances': 1}
2025-04-24 18:36:27 INFO        | Scaling width_a from 32 to 8
2025-04-24 18:36:27 INFO        | Scaling width_b from 32 to 8
2025-04-24 18:36:27 INFO        | Scaling global_cycle_seconds from 1e-9 to 1e-09
2025-04-24 18:36:27 INFO        | Scaling technology from 40nm to 22nm
2025-04-24 18:36:27 INFO        | Scaled aladdin_multiplier.width_a from 32.0 to 8.0: 0.25x leak
2025-04-24 18:36:27 INFO        | Scaled aladdin_multiplier.width_b from 32.0 to 8.0: 0.25x leak
2025-04-24 18:36:27 INFO        | Scaled aladdin_multiplier.global_cycle_seconds from 1e-09 to 1e-09: 1.0x leak
2025-04-24 18:36:27 INFO        | Scaled aladdin_multiplier.technology from 40.0 to 22.0: 0.7418029709531477x leak
2025-04-24 18:36:27 INFO        | aladdin_multiplier leak has been scaled 0.04636268568457173x
2025-04-24 18:36:27 INFO        | Multiplying by n_instances 1
2025-04-24 18:36:27 WARNING     No action counts are specified as yaml input
2025-04-24 18:36:27 INFO        
2025-04-24 18:36:27 INFO        AREA ESTIMATION for DRAM(type=LPDDR4, width=64, datawidth=16, has_power_gating=False, n_banks=2, cluster_size=1, reduction_supported=True, multiple_buffering=1, min_utilization=0, allow_overbooking=False, meshX=1, meshY=1, version=0.4, technology=SET ME, global_cycle_seconds=1e-09, action_latency_cycles=1, cycle_seconds=1e-09, n_instances=1)
2025-04-24 18:36:27 INFO        CactiDRAM estimated 0 with accuracy 80%. Messages:
2025-04-24 18:36:27 INFO        | Unused arguments (datawidth, has_power_gating, n_banks, cluster_size, reduction_supported, multiple_buffering, min_utilization, allow_overbooking, meshX, meshY, version, technology, global_cycle_seconds, action_latency_cycles, cycle_seconds, n_instances) provided for ['DRAM', 'dram'].__init__. Arguments used: (type, width)
2025-04-24 18:36:27 INFO        | Multiplying by n_instances 1
2025-04-24 18:36:27 INFO        
2025-04-24 18:36:27 INFO        AREA ESTIMATION for dummy_storage(width=1, depth=1, datawidth=1, technology=-1, has_power_gating=False, n_banks=2, cluster_size=1, reduction_supported=True, multiple_buffering=1, min_utilization=0, allow_overbooking=False, meshX=1, meshY=1, version=0.4, global_cycle_seconds=1e-09, action_latency_cycles=1, cycle_seconds=1e-09, n_instances=1)
2025-04-24 18:36:27 INFO        dummy estimated 1u^2 with accuracy 100%. Messages:
2025-04-24 18:36:27 INFO        | Multiplying by n_instances 1
2025-04-24 18:36:27 INFO        
2025-04-24 18:36:27 INFO        AREA ESTIMATION for aladdin_register(depth=1, width=16, datawidth=16, has_power_gating=False, n_banks=2, cluster_size=1, reduction_supported=True, multiple_buffering=1, min_utilization=0, allow_overbooking=False, meshX=128, meshY=128, technology=22nm, version=0.4, global_cycle_seconds=1e-09, action_latency_cycles=1, cycle_seconds=1e-09, n_instances=1)
2025-04-24 18:36:27 INFO        Library estimated 68.97546666666666u^2 with accuracy 90%. Messages:
2025-04-24 18:36:27 INFO        | Found 4 entries for aladdin_register.
2025-04-24 18:36:27 INFO        | Checking entry "{'technology': '40nm', 'global_cycle_seconds': '1e-9', 'width|datawidth': '1', 'dynamic energy(pJ)': '0.009', 'area(um^2)': '5.98E+00', 'action': 'read', 'name': 'aladdin_register', 'n_instances': 1}
2025-04-24 18:36:27 INFO        | value=5.98, matching_attrs=2, log=['Scaling width from 1 to 16', 'Scaling technology from 40nm to 22nm', 'Scaling global_cycle_seconds from 1e-9 to 1e-09', 'Scaled aladdin_register.width from 1.0 to 16.0: 16.0x area', 'Scaled aladdin_register.technology from 40.0 to 22.0: 0.7208974358974358x area', 'Scaled aladdin_register.global_cycle_seconds from 1e-09 to 1e-09: 1x area', 'aladdin_register area has been scaled 11.534358974358973x']
2025-04-24 18:36:27 INFO        | Checking entry "{'technology': '40nm', 'global_cycle_seconds': '1e-9', 'width|datawidth': '1', 'dynamic energy(pJ)': '0', 'area(um^2)': '5.98E+00', 'action': 'write', 'name': 'aladdin_register', 'n_instances': 1}
2025-04-24 18:36:27 INFO        | value=5.98, matching_attrs=2, log=['Scaling width from 1 to 16', 'Scaling technology from 40nm to 22nm', 'Scaling global_cycle_seconds from 1e-9 to 1e-09', 'Scaled aladdin_register.width from 1.0 to 16.0: 16.0x area', 'Scaled aladdin_register.technology from 40.0 to 22.0: 0.7208974358974358x area', 'Scaled aladdin_register.global_cycle_seconds from 1e-09 to 1e-09: 1x area', 'aladdin_register area has been scaled 11.534358974358973x']
2025-04-24 18:36:27 INFO        | Checking entry "{'technology': '40nm', 'global_cycle_seconds': '1e-9', 'width|datawidth': '1', 'dynamic energy(pJ)': '0', 'area(um^2)': '5.98E+00', 'action': 'leak', 'name': 'aladdin_register', 'n_instances': 1}
2025-04-24 18:36:27 INFO        | value=5.98, matching_attrs=2, log=['Scaling width from 1 to 16', 'Scaling technology from 40nm to 22nm', 'Scaling global_cycle_seconds from 1e-9 to 1e-09', 'Scaled aladdin_register.width from 1.0 to 16.0: 16.0x area', 'Scaled aladdin_register.technology from 40.0 to 22.0: 0.7208974358974358x area', 'Scaled aladdin_register.global_cycle_seconds from 1e-09 to 1e-09: 1x area', 'aladdin_register area has been scaled 11.534358974358973x']
2025-04-24 18:36:27 INFO        | Checking entry "{'technology': '40nm', 'global_cycle_seconds': '1e-9', 'width|datawidth': '1', 'dynamic energy(pJ)': '0', 'area(um^2)': '5.98E+00', 'action': 'update', 'name': 'aladdin_register', 'n_instances': 1}
2025-04-24 18:36:27 INFO        | value=5.98, matching_attrs=2, log=['Scaling width from 1 to 16', 'Scaling technology from 40nm to 22nm', 'Scaling global_cycle_seconds from 1e-9 to 1e-09', 'Scaled aladdin_register.width from 1.0 to 16.0: 16.0x area', 'Scaled aladdin_register.technology from 40.0 to 22.0: 0.7208974358974358x area', 'Scaled aladdin_register.global_cycle_seconds from 1e-09 to 1e-09: 1x area', 'aladdin_register area has been scaled 11.534358974358973x']
2025-04-24 18:36:27 INFO        | Best-matching entry: {'technology': '40nm', 'global_cycle_seconds': '1e-9', 'width|datawidth': '1', 'dynamic energy(pJ)': '0.009', 'area(um^2)': '5.98E+00', 'action': 'read', 'name': 'aladdin_register', 'n_instances': 1}
2025-04-24 18:36:27 INFO        | Scaling width from 1 to 16
2025-04-24 18:36:27 INFO        | Scaling technology from 40nm to 22nm
2025-04-24 18:36:27 INFO        | Scaling global_cycle_seconds from 1e-9 to 1e-09
2025-04-24 18:36:27 INFO        | Scaled aladdin_register.width from 1.0 to 16.0: 16.0x area
2025-04-24 18:36:27 INFO        | Scaled aladdin_register.technology from 40.0 to 22.0: 0.7208974358974358x area
2025-04-24 18:36:27 INFO        | Scaled aladdin_register.global_cycle_seconds from 1e-09 to 1e-09: 1x area
2025-04-24 18:36:27 INFO        | aladdin_register area has been scaled 11.534358974358973x
2025-04-24 18:36:27 INFO        | Multiplying by n_instances 1
2025-04-24 18:36:27 INFO        
2025-04-24 18:36:27 INFO        AREA ESTIMATION for aladdin_register(depth=1, width=16, datawidth=16, has_power_gating=False, n_banks=2, cluster_size=1, reduction_supported=True, multiple_buffering=1, min_utilization=0, allow_overbooking=False, meshX=128, meshY=128, technology=22nm, version=0.4, global_cycle_seconds=1e-09, action_latency_cycles=1, cycle_seconds=1e-09, n_instances=1)
2025-04-24 18:36:27 INFO        Library estimated 68.97546666666666u^2 with accuracy 90%. Messages:
2025-04-24 18:36:27 INFO        | Found 4 entries for aladdin_register.
2025-04-24 18:36:27 INFO        | Checking entry "{'technology': '40nm', 'global_cycle_seconds': '1e-9', 'width|datawidth': '1', 'dynamic energy(pJ)': '0.009', 'area(um^2)': '5.98E+00', 'action': 'read', 'name': 'aladdin_register', 'n_instances': 1}
2025-04-24 18:36:27 INFO        | value=5.98, matching_attrs=2, log=['Scaling width from 1 to 16', 'Scaling technology from 40nm to 22nm', 'Scaling global_cycle_seconds from 1e-9 to 1e-09', 'Scaled aladdin_register.width from 1.0 to 16.0: 16.0x area', 'Scaled aladdin_register.technology from 40.0 to 22.0: 0.7208974358974358x area', 'Scaled aladdin_register.global_cycle_seconds from 1e-09 to 1e-09: 1x area', 'aladdin_register area has been scaled 11.534358974358973x']
2025-04-24 18:36:27 INFO        | Checking entry "{'technology': '40nm', 'global_cycle_seconds': '1e-9', 'width|datawidth': '1', 'dynamic energy(pJ)': '0', 'area(um^2)': '5.98E+00', 'action': 'write', 'name': 'aladdin_register', 'n_instances': 1}
2025-04-24 18:36:27 INFO        | value=5.98, matching_attrs=2, log=['Scaling width from 1 to 16', 'Scaling technology from 40nm to 22nm', 'Scaling global_cycle_seconds from 1e-9 to 1e-09', 'Scaled aladdin_register.width from 1.0 to 16.0: 16.0x area', 'Scaled aladdin_register.technology from 40.0 to 22.0: 0.7208974358974358x area', 'Scaled aladdin_register.global_cycle_seconds from 1e-09 to 1e-09: 1x area', 'aladdin_register area has been scaled 11.534358974358973x']
2025-04-24 18:36:27 INFO        | Checking entry "{'technology': '40nm', 'global_cycle_seconds': '1e-9', 'width|datawidth': '1', 'dynamic energy(pJ)': '0', 'area(um^2)': '5.98E+00', 'action': 'leak', 'name': 'aladdin_register', 'n_instances': 1}
2025-04-24 18:36:27 INFO        | value=5.98, matching_attrs=2, log=['Scaling width from 1 to 16', 'Scaling technology from 40nm to 22nm', 'Scaling global_cycle_seconds from 1e-9 to 1e-09', 'Scaled aladdin_register.width from 1.0 to 16.0: 16.0x area', 'Scaled aladdin_register.technology from 40.0 to 22.0: 0.7208974358974358x area', 'Scaled aladdin_register.global_cycle_seconds from 1e-09 to 1e-09: 1x area', 'aladdin_register area has been scaled 11.534358974358973x']
2025-04-24 18:36:27 INFO        | Checking entry "{'technology': '40nm', 'global_cycle_seconds': '1e-9', 'width|datawidth': '1', 'dynamic energy(pJ)': '0', 'area(um^2)': '5.98E+00', 'action': 'update', 'name': 'aladdin_register', 'n_instances': 1}
2025-04-24 18:36:27 INFO        | value=5.98, matching_attrs=2, log=['Scaling width from 1 to 16', 'Scaling technology from 40nm to 22nm', 'Scaling global_cycle_seconds from 1e-9 to 1e-09', 'Scaled aladdin_register.width from 1.0 to 16.0: 16.0x area', 'Scaled aladdin_register.technology from 40.0 to 22.0: 0.7208974358974358x area', 'Scaled aladdin_register.global_cycle_seconds from 1e-09 to 1e-09: 1x area', 'aladdin_register area has been scaled 11.534358974358973x']
2025-04-24 18:36:27 INFO        | Best-matching entry: {'technology': '40nm', 'global_cycle_seconds': '1e-9', 'width|datawidth': '1', 'dynamic energy(pJ)': '0.009', 'area(um^2)': '5.98E+00', 'action': 'read', 'name': 'aladdin_register', 'n_instances': 1}
2025-04-24 18:36:27 INFO        | Scaling width from 1 to 16
2025-04-24 18:36:27 INFO        | Scaling technology from 40nm to 22nm
2025-04-24 18:36:27 INFO        | Scaling global_cycle_seconds from 1e-9 to 1e-09
2025-04-24 18:36:27 INFO        | Scaled aladdin_register.width from 1.0 to 16.0: 16.0x area
2025-04-24 18:36:27 INFO        | Scaled aladdin_register.technology from 40.0 to 22.0: 0.7208974358974358x area
2025-04-24 18:36:27 INFO        | Scaled aladdin_register.global_cycle_seconds from 1e-09 to 1e-09: 1x area
2025-04-24 18:36:27 INFO        | aladdin_register area has been scaled 11.534358974358973x
2025-04-24 18:36:27 INFO        | Multiplying by n_instances 1
2025-04-24 18:36:27 INFO        
2025-04-24 18:36:27 INFO        AREA ESTIMATION for aladdin_register(depth=1, width=16, datawidth=16, has_power_gating=False, n_banks=2, cluster_size=1, reduction_supported=True, multiple_buffering=1, min_utilization=0, allow_overbooking=False, meshX=128, meshY=128, technology=22nm, version=0.4, global_cycle_seconds=1e-09, action_latency_cycles=1, cycle_seconds=1e-09, n_instances=1)
2025-04-24 18:36:27 INFO        Library estimated 68.97546666666666u^2 with accuracy 90%. Messages:
2025-04-24 18:36:27 INFO        | Found 4 entries for aladdin_register.
2025-04-24 18:36:27 INFO        | Checking entry "{'technology': '40nm', 'global_cycle_seconds': '1e-9', 'width|datawidth': '1', 'dynamic energy(pJ)': '0.009', 'area(um^2)': '5.98E+00', 'action': 'read', 'name': 'aladdin_register', 'n_instances': 1}
2025-04-24 18:36:27 INFO        | value=5.98, matching_attrs=2, log=['Scaling width from 1 to 16', 'Scaling technology from 40nm to 22nm', 'Scaling global_cycle_seconds from 1e-9 to 1e-09', 'Scaled aladdin_register.width from 1.0 to 16.0: 16.0x area', 'Scaled aladdin_register.technology from 40.0 to 22.0: 0.7208974358974358x area', 'Scaled aladdin_register.global_cycle_seconds from 1e-09 to 1e-09: 1x area', 'aladdin_register area has been scaled 11.534358974358973x']
2025-04-24 18:36:27 INFO        | Checking entry "{'technology': '40nm', 'global_cycle_seconds': '1e-9', 'width|datawidth': '1', 'dynamic energy(pJ)': '0', 'area(um^2)': '5.98E+00', 'action': 'write', 'name': 'aladdin_register', 'n_instances': 1}
2025-04-24 18:36:27 INFO        | value=5.98, matching_attrs=2, log=['Scaling width from 1 to 16', 'Scaling technology from 40nm to 22nm', 'Scaling global_cycle_seconds from 1e-9 to 1e-09', 'Scaled aladdin_register.width from 1.0 to 16.0: 16.0x area', 'Scaled aladdin_register.technology from 40.0 to 22.0: 0.7208974358974358x area', 'Scaled aladdin_register.global_cycle_seconds from 1e-09 to 1e-09: 1x area', 'aladdin_register area has been scaled 11.534358974358973x']
2025-04-24 18:36:27 INFO        | Checking entry "{'technology': '40nm', 'global_cycle_seconds': '1e-9', 'width|datawidth': '1', 'dynamic energy(pJ)': '0', 'area(um^2)': '5.98E+00', 'action': 'leak', 'name': 'aladdin_register', 'n_instances': 1}
2025-04-24 18:36:27 INFO        | value=5.98, matching_attrs=2, log=['Scaling width from 1 to 16', 'Scaling technology from 40nm to 22nm', 'Scaling global_cycle_seconds from 1e-9 to 1e-09', 'Scaled aladdin_register.width from 1.0 to 16.0: 16.0x area', 'Scaled aladdin_register.technology from 40.0 to 22.0: 0.7208974358974358x area', 'Scaled aladdin_register.global_cycle_seconds from 1e-09 to 1e-09: 1x area', 'aladdin_register area has been scaled 11.534358974358973x']
2025-04-24 18:36:27 INFO        | Checking entry "{'technology': '40nm', 'global_cycle_seconds': '1e-9', 'width|datawidth': '1', 'dynamic energy(pJ)': '0', 'area(um^2)': '5.98E+00', 'action': 'update', 'name': 'aladdin_register', 'n_instances': 1}
2025-04-24 18:36:27 INFO        | value=5.98, matching_attrs=2, log=['Scaling width from 1 to 16', 'Scaling technology from 40nm to 22nm', 'Scaling global_cycle_seconds from 1e-9 to 1e-09', 'Scaled aladdin_register.width from 1.0 to 16.0: 16.0x area', 'Scaled aladdin_register.technology from 40.0 to 22.0: 0.7208974358974358x area', 'Scaled aladdin_register.global_cycle_seconds from 1e-09 to 1e-09: 1x area', 'aladdin_register area has been scaled 11.534358974358973x']
2025-04-24 18:36:27 INFO        | Best-matching entry: {'technology': '40nm', 'global_cycle_seconds': '1e-9', 'width|datawidth': '1', 'dynamic energy(pJ)': '0.009', 'area(um^2)': '5.98E+00', 'action': 'read', 'name': 'aladdin_register', 'n_instances': 1}
2025-04-24 18:36:27 INFO        | Scaling width from 1 to 16
2025-04-24 18:36:27 INFO        | Scaling technology from 40nm to 22nm
2025-04-24 18:36:27 INFO        | Scaling global_cycle_seconds from 1e-9 to 1e-09
2025-04-24 18:36:27 INFO        | Scaled aladdin_register.width from 1.0 to 16.0: 16.0x area
2025-04-24 18:36:27 INFO        | Scaled aladdin_register.technology from 40.0 to 22.0: 0.7208974358974358x area
2025-04-24 18:36:27 INFO        | Scaled aladdin_register.global_cycle_seconds from 1e-09 to 1e-09: 1x area
2025-04-24 18:36:27 INFO        | aladdin_register area has been scaled 11.534358974358973x
2025-04-24 18:36:27 INFO        | Multiplying by n_instances 1
2025-04-24 18:36:27 INFO        
2025-04-24 18:36:27 INFO        AREA ESTIMATION for SRAM(width=64, depth=16384, n_rw_ports=1, technology=22nm, global_cycle_seconds=1e-09, action_latency_cycles=1, cycle_seconds=1e-09, n_instances=1)
2025-04-24 18:36:29 INFO        CactiSRAM estimated 1.18839e-07 with accuracy 80%. Messages:
2025-04-24 18:36:29 INFO        | Unused arguments (global_cycle_seconds, action_latency_cycles, cycle_seconds, n_instances) provided for ['SRAM', 'sram'].__init__. Arguments used: (width, depth, n_rw_ports, technology)
2025-04-24 18:36:29 INFO        | Calling CACTI with cache_size=131072 n_rw_ports=1 block_size=8 tech_node_um=0.022 n_banks=1 tag_size=0 associativity=1
2025-04-24 18:36:29 INFO        | Calling CACTI with input path /usr/local/share/accelergy/estimation_plug_ins/accelergy-cacti-plug-in/cacti_inputs_outputs/tmpounnwbtf
2025-04-24 18:36:29 INFO        | CACTI output will be written to /usr/local/share/accelergy/estimation_plug_ins/accelergy-cacti-plug-in/cacti_inputs_outputs/tmp4ste2ij4
2025-04-24 18:36:29 INFO        | CACTI executable not found at /usr/local/share/accelergy/estimation_plug_ins/accelergy-cacti-plug-in/cacti/cacti
2025-04-24 18:36:29 INFO        | Calling: cd /usr/local/share/accelergy/estimation_plug_ins/accelergy-cacti-plug-in ; ./cacti -infile /usr/local/share/accelergy/estimation_plug_ins/accelergy-cacti-plug-in/cacti_inputs_outputs/tmpounnwbtf >> /usr/local/share/accelergy/estimation_plug_ins/accelergy-cacti-plug-in/cacti_inputs_outputs/tmp4ste2ij4 2>&1
2025-04-24 18:36:29 INFO        | Cache bandwidth: 8.0 bytes/cycle
2025-04-24 18:36:29 INFO        | Cache bandwidth: 73786613724.77132 bits/second
2025-04-24 18:36:29 INFO        | Multiplying by n_instances 1
2025-04-24 18:36:29 INFO        
2025-04-24 18:36:29 INFO        AREA ESTIMATION for intadder(n_bits=14, precision=14, width=14, global_cycle_seconds=1e-09, action_latency_cycles=1, cycle_seconds=1e-09, technology=22nm, n_instances=1)
2025-04-24 18:36:29 INFO        Neurosim Plug-In estimated 19.46609u^2 with accuracy 70%. Messages:
2025-04-24 18:36:29 INFO        | WARN: Non-numeric 22nm for parameter technology. Using 22 instead.
2025-04-24 18:36:29 INFO        | Multiplying by n_instances 1
2025-04-24 18:36:29 INFO        
2025-04-24 18:36:29 INFO        AREA ESTIMATION for SRAM(width=16, depth=192, n_rw_ports=1, technology=22nm, global_cycle_seconds=1e-09, action_latency_cycles=1, cycle_seconds=1e-09, n_instances=1)
2025-04-24 18:36:29 INFO        CactiSRAM estimated 3.18752e-10 with accuracy 80%. Messages:
2025-04-24 18:36:29 INFO        | Unused arguments (global_cycle_seconds, action_latency_cycles, cycle_seconds, n_instances) provided for ['SRAM', 'sram'].__init__. Arguments used: (width, depth, n_rw_ports, technology)
2025-04-24 18:36:29 INFO        | Calling CACTI with cache_size=768 n_rw_ports=1 block_size=4 tech_node_um=0.022 n_banks=1 tag_size=0 associativity=1
2025-04-24 18:36:29 INFO        | Calling CACTI with input path /usr/local/share/accelergy/estimation_plug_ins/accelergy-cacti-plug-in/cacti_inputs_outputs/tmpopds9lww
2025-04-24 18:36:29 INFO        | CACTI output will be written to /usr/local/share/accelergy/estimation_plug_ins/accelergy-cacti-plug-in/cacti_inputs_outputs/tmpum6qyana
2025-04-24 18:36:29 INFO        | CACTI executable not found at /usr/local/share/accelergy/estimation_plug_ins/accelergy-cacti-plug-in/cacti/cacti
2025-04-24 18:36:29 INFO        | Calling: cd /usr/local/share/accelergy/estimation_plug_ins/accelergy-cacti-plug-in ; ./cacti -infile /usr/local/share/accelergy/estimation_plug_ins/accelergy-cacti-plug-in/cacti_inputs_outputs/tmpopds9lww >> /usr/local/share/accelergy/estimation_plug_ins/accelergy-cacti-plug-in/cacti_inputs_outputs/tmpum6qyana 2>&1
2025-04-24 18:36:29 INFO        | Cache bandwidth: 2.0 bytes/cycle
2025-04-24 18:36:29 INFO        | Cache bandwidth: 50575453835.67403 bits/second
2025-04-24 18:36:29 INFO        | Multiplying by n_instances 1
2025-04-24 18:36:29 INFO        
2025-04-24 18:36:29 INFO        AREA ESTIMATION for intadder(n_bits=8, precision=8, width=8, global_cycle_seconds=1e-09, action_latency_cycles=1, cycle_seconds=1e-09, technology=22nm, n_instances=1)
2025-04-24 18:36:29 INFO        Neurosim Plug-In estimated 11.123479999999999u^2 with accuracy 70%. Messages:
2025-04-24 18:36:29 INFO        | WARN: Non-numeric 22nm for parameter technology. Using 22 instead.
2025-04-24 18:36:29 INFO        | Multiplying by n_instances 1
2025-04-24 18:36:29 INFO        
2025-04-24 18:36:29 INFO        AREA ESTIMATION for aladdin_adder(width=16, global_cycle_seconds=1e-09, action_latency_cycles=1, cycle_seconds=1e-09, technology=22nm, n_instances=1)
2025-04-24 18:36:29 INFO        Library estimated 100.20474358974359u^2 with accuracy 90%. Messages:
2025-04-24 18:36:29 INFO        | Found 5 entries for aladdin_adder.
2025-04-24 18:36:29 INFO        | Checking entry "{'technology': '40nm', 'global_cycle_seconds': '1e-9', 'width|datawidth': '32', 'energy': '0.21', 'area': '2.78E+02', 'action': 'add', 'name': 'aladdin_adder', 'n_instances': 1}
2025-04-24 18:36:29 INFO        | value=278.0, matching_attrs=2, log=['Scaling width from 32 to 16', 'Scaling global_cycle_seconds from 1e-9 to 1e-09', 'Scaling technology from 40nm to 22nm', 'Scaled aladdin_adder.width from 32.0 to 16.0: 0.5x area', 'Scaled aladdin_adder.global_cycle_seconds from 1e-09 to 1e-09: 1x area', 'Scaled aladdin_adder.technology from 40.0 to 22.0: 0.7208974358974358x area', 'aladdin_adder area has been scaled 0.3604487179487179x']
2025-04-24 18:36:29 INFO        | Checking entry "{'technology': '40nm', 'global_cycle_seconds': '1e-9', 'width|datawidth': '32', 'energy': '0.21', 'area': '2.78E+02', 'action': 'read', 'name': 'aladdin_adder', 'n_instances': 1}
2025-04-24 18:36:29 INFO        | value=278.0, matching_attrs=2, log=['Scaling width from 32 to 16', 'Scaling global_cycle_seconds from 1e-9 to 1e-09', 'Scaling technology from 40nm to 22nm', 'Scaled aladdin_adder.width from 32.0 to 16.0: 0.5x area', 'Scaled aladdin_adder.global_cycle_seconds from 1e-09 to 1e-09: 1x area', 'Scaled aladdin_adder.technology from 40.0 to 22.0: 0.7208974358974358x area', 'aladdin_adder area has been scaled 0.3604487179487179x']
2025-04-24 18:36:29 INFO        | Checking entry "{'technology': '40nm', 'global_cycle_seconds': '1e-9', 'width|datawidth': '32', 'energy': '0.0024', 'area': '2.78E+02', 'action': 'leak', 'name': 'aladdin_adder', 'n_instances': 1}
2025-04-24 18:36:29 INFO        | value=278.0, matching_attrs=2, log=['Scaling width from 32 to 16', 'Scaling global_cycle_seconds from 1e-9 to 1e-09', 'Scaling technology from 40nm to 22nm', 'Scaled aladdin_adder.width from 32.0 to 16.0: 0.5x area', 'Scaled aladdin_adder.global_cycle_seconds from 1e-09 to 1e-09: 1x area', 'Scaled aladdin_adder.technology from 40.0 to 22.0: 0.7208974358974358x area', 'aladdin_adder area has been scaled 0.3604487179487179x']
2025-04-24 18:36:29 INFO        | Checking entry "{'technology': '40nm', 'global_cycle_seconds': '1e-9', 'width|datawidth': '32', 'energy': '0', 'area': '2.78E+02', 'action': 'update', 'name': 'aladdin_adder', 'n_instances': 1}
2025-04-24 18:36:29 INFO        | value=278.0, matching_attrs=2, log=['Scaling width from 32 to 16', 'Scaling global_cycle_seconds from 1e-9 to 1e-09', 'Scaling technology from 40nm to 22nm', 'Scaled aladdin_adder.width from 32.0 to 16.0: 0.5x area', 'Scaled aladdin_adder.global_cycle_seconds from 1e-09 to 1e-09: 1x area', 'Scaled aladdin_adder.technology from 40.0 to 22.0: 0.7208974358974358x area', 'aladdin_adder area has been scaled 0.3604487179487179x']
2025-04-24 18:36:29 INFO        | Checking entry "{'technology': '40nm', 'global_cycle_seconds': '1e-9', 'width|datawidth': '32', 'energy': '0', 'area': '2.78E+02', 'action': 'write', 'name': 'aladdin_adder', 'n_instances': 1}
2025-04-24 18:36:29 INFO        | value=278.0, matching_attrs=2, log=['Scaling width from 32 to 16', 'Scaling global_cycle_seconds from 1e-9 to 1e-09', 'Scaling technology from 40nm to 22nm', 'Scaled aladdin_adder.width from 32.0 to 16.0: 0.5x area', 'Scaled aladdin_adder.global_cycle_seconds from 1e-09 to 1e-09: 1x area', 'Scaled aladdin_adder.technology from 40.0 to 22.0: 0.7208974358974358x area', 'aladdin_adder area has been scaled 0.3604487179487179x']
2025-04-24 18:36:29 INFO        | Best-matching entry: {'technology': '40nm', 'global_cycle_seconds': '1e-9', 'width|datawidth': '32', 'energy': '0.21', 'area': '2.78E+02', 'action': 'add', 'name': 'aladdin_adder', 'n_instances': 1}
2025-04-24 18:36:29 INFO        | Scaling width from 32 to 16
2025-04-24 18:36:29 INFO        | Scaling global_cycle_seconds from 1e-9 to 1e-09
2025-04-24 18:36:29 INFO        | Scaling technology from 40nm to 22nm
2025-04-24 18:36:29 INFO        | Scaled aladdin_adder.width from 32.0 to 16.0: 0.5x area
2025-04-24 18:36:29 INFO        | Scaled aladdin_adder.global_cycle_seconds from 1e-09 to 1e-09: 1x area
2025-04-24 18:36:29 INFO        | Scaled aladdin_adder.technology from 40.0 to 22.0: 0.7208974358974358x area
2025-04-24 18:36:29 INFO        | aladdin_adder area has been scaled 0.3604487179487179x
2025-04-24 18:36:29 INFO        | Multiplying by n_instances 1
2025-04-24 18:36:29 INFO        
2025-04-24 18:36:29 INFO        AREA ESTIMATION for aladdin_multiplier(width_a=8, width_b=8, global_cycle_seconds=1e-09, action_latency_cycles=1, cycle_seconds=1e-09, technology=22nm, n_instances=1)
2025-04-24 18:36:29 INFO        Library estimated 286.10616987179486u^2 with accuracy 90%. Messages:
2025-04-24 18:36:29 INFO        | Found 5 entries for aladdin_multiplier.
2025-04-24 18:36:29 INFO        | Checking entry "{'technology': '40nm', 'global_cycle_seconds': '1e-9', 'width|datawidth': '32', 'width_a|datawidth_a': '32', 'width_b|datawidth_b': '32', 'energy(pJ)': '12.68', 'area(um^2)': '6350', 'action': 'multiply', 'name': 'aladdin_multiplier', 'n_instances': 1}
2025-04-24 18:36:29 INFO        | value=6350.0, matching_attrs=2, log=['Scaling width_a from 32 to 8', 'Scaling width_b from 32 to 8', 'Scaling global_cycle_seconds from 1e-9 to 1e-09', 'Scaling technology from 40nm to 22nm', 'Scaled aladdin_multiplier.width_a from 32.0 to 8.0: 0.25x area', 'Scaled aladdin_multiplier.width_b from 32.0 to 8.0: 0.25x area', 'Scaled aladdin_multiplier.global_cycle_seconds from 1e-09 to 1e-09: 1x area', 'Scaled aladdin_multiplier.technology from 40.0 to 22.0: 0.7208974358974358x area', 'aladdin_multiplier area has been scaled 0.04505608974358974x']
2025-04-24 18:36:29 INFO        | Checking entry "{'technology': '40nm', 'global_cycle_seconds': '1e-9', 'width|datawidth': '32', 'width_a|datawidth_a': '32', 'width_b|datawidth_b': '32', 'energy(pJ)': '12.68', 'area(um^2)': '6350', 'action': 'read', 'name': 'aladdin_multiplier', 'n_instances': 1}
2025-04-24 18:36:29 INFO        | value=6350.0, matching_attrs=2, log=['Scaling width_a from 32 to 8', 'Scaling width_b from 32 to 8', 'Scaling global_cycle_seconds from 1e-9 to 1e-09', 'Scaling technology from 40nm to 22nm', 'Scaled aladdin_multiplier.width_a from 32.0 to 8.0: 0.25x area', 'Scaled aladdin_multiplier.width_b from 32.0 to 8.0: 0.25x area', 'Scaled aladdin_multiplier.global_cycle_seconds from 1e-09 to 1e-09: 1x area', 'Scaled aladdin_multiplier.technology from 40.0 to 22.0: 0.7208974358974358x area', 'aladdin_multiplier area has been scaled 0.04505608974358974x']
2025-04-24 18:36:29 INFO        | Checking entry "{'technology': '40nm', 'global_cycle_seconds': '1e-9', 'width|datawidth': '32', 'width_a|datawidth_a': '32', 'width_b|datawidth_b': '32', 'energy(pJ)': '0.08', 'area(um^2)': '6350', 'action': 'leak', 'name': 'aladdin_multiplier', 'n_instances': 1}
2025-04-24 18:36:29 INFO        | value=6350.0, matching_attrs=2, log=['Scaling width_a from 32 to 8', 'Scaling width_b from 32 to 8', 'Scaling global_cycle_seconds from 1e-9 to 1e-09', 'Scaling technology from 40nm to 22nm', 'Scaled aladdin_multiplier.width_a from 32.0 to 8.0: 0.25x area', 'Scaled aladdin_multiplier.width_b from 32.0 to 8.0: 0.25x area', 'Scaled aladdin_multiplier.global_cycle_seconds from 1e-09 to 1e-09: 1x area', 'Scaled aladdin_multiplier.technology from 40.0 to 22.0: 0.7208974358974358x area', 'aladdin_multiplier area has been scaled 0.04505608974358974x']
2025-04-24 18:36:29 INFO        | Checking entry "{'technology': '40nm', 'global_cycle_seconds': '1e-9', 'width|datawidth': '32', 'width_a|datawidth_a': '32', 'width_b|datawidth_b': '32', 'energy(pJ)': '0', 'area(um^2)': '6350', 'action': 'update', 'name': 'aladdin_multiplier', 'n_instances': 1}
2025-04-24 18:36:29 INFO        | value=6350.0, matching_attrs=2, log=['Scaling width_a from 32 to 8', 'Scaling width_b from 32 to 8', 'Scaling global_cycle_seconds from 1e-9 to 1e-09', 'Scaling technology from 40nm to 22nm', 'Scaled aladdin_multiplier.width_a from 32.0 to 8.0: 0.25x area', 'Scaled aladdin_multiplier.width_b from 32.0 to 8.0: 0.25x area', 'Scaled aladdin_multiplier.global_cycle_seconds from 1e-09 to 1e-09: 1x area', 'Scaled aladdin_multiplier.technology from 40.0 to 22.0: 0.7208974358974358x area', 'aladdin_multiplier area has been scaled 0.04505608974358974x']
2025-04-24 18:36:29 INFO        | Checking entry "{'technology': '40nm', 'global_cycle_seconds': '1e-9', 'width|datawidth': '32', 'width_a|datawidth_a': '32', 'width_b|datawidth_b': '32', 'energy(pJ)': '0', 'area(um^2)': '6350', 'action': 'write', 'name': 'aladdin_multiplier', 'n_instances': 1}
2025-04-24 18:36:29 INFO        | value=6350.0, matching_attrs=2, log=['Scaling width_a from 32 to 8', 'Scaling width_b from 32 to 8', 'Scaling global_cycle_seconds from 1e-9 to 1e-09', 'Scaling technology from 40nm to 22nm', 'Scaled aladdin_multiplier.width_a from 32.0 to 8.0: 0.25x area', 'Scaled aladdin_multiplier.width_b from 32.0 to 8.0: 0.25x area', 'Scaled aladdin_multiplier.global_cycle_seconds from 1e-09 to 1e-09: 1x area', 'Scaled aladdin_multiplier.technology from 40.0 to 22.0: 0.7208974358974358x area', 'aladdin_multiplier area has been scaled 0.04505608974358974x']
2025-04-24 18:36:29 INFO        | Best-matching entry: {'technology': '40nm', 'global_cycle_seconds': '1e-9', 'width|datawidth': '32', 'width_a|datawidth_a': '32', 'width_b|datawidth_b': '32', 'energy(pJ)': '12.68', 'area(um^2)': '6350', 'action': 'multiply', 'name': 'aladdin_multiplier', 'n_instances': 1}
2025-04-24 18:36:29 INFO        | Scaling width_a from 32 to 8
2025-04-24 18:36:29 INFO        | Scaling width_b from 32 to 8
2025-04-24 18:36:29 INFO        | Scaling global_cycle_seconds from 1e-9 to 1e-09
2025-04-24 18:36:29 INFO        | Scaling technology from 40nm to 22nm
2025-04-24 18:36:29 INFO        | Scaled aladdin_multiplier.width_a from 32.0 to 8.0: 0.25x area
2025-04-24 18:36:29 INFO        | Scaled aladdin_multiplier.width_b from 32.0 to 8.0: 0.25x area
2025-04-24 18:36:29 INFO        | Scaled aladdin_multiplier.global_cycle_seconds from 1e-09 to 1e-09: 1x area
2025-04-24 18:36:29 INFO        | Scaled aladdin_multiplier.technology from 40.0 to 22.0: 0.7208974358974358x area
2025-04-24 18:36:29 INFO        | aladdin_multiplier area has been scaled 0.04505608974358974x
2025-04-24 18:36:29 INFO        | Multiplying by n_instances 1
2025-04-24 18:36:29 INFO        flattened architecture is saved to:
2025-04-24 18:36:29 INFO        ./timeloop-mapper.flattened_architecture.yaml
2025-04-24 18:36:29 INFO        energy reference table is saved to:
2025-04-24 18:36:29 INFO        ./timeloop-mapper.ERT.yaml
2025-04-24 18:36:29 INFO        energy reference table summary is saved to:
2025-04-24 18:36:29 INFO        ./timeloop-mapper.ERT_summary.yaml
2025-04-24 18:36:29 WARNING     no runtime energy estimations are generated... not generating energy_estimation.yaml
2025-04-24 18:36:29 INFO        area reference table is saved to:
2025-04-24 18:36:29 INFO        ./timeloop-mapper.ART.yaml
2025-04-24 18:36:29 INFO        area reference table summary is saved to:
2025-04-24 18:36:29 INFO        ./timeloop-mapper.ART_summary.yaml
